{
  "type": "FeatureCollection",
  "features": [
    {
      "type": "Feature",
      "geometry": {
        "type": "Point",
        "coordinates": [
          -73.5798146,
          45.4953505
        ]
      },
      "properties": {
        "name": "Guy-Concordia",
        "system": "Metro",
        "zone": "A",
        "featureType": "station",
        "lines": [
          "Green"
        ]
      }
    },
    {
      "type": "Feature",
      "geometry": {
        "type": "Polygon",
        "coordinates": [
          [
            [
              -73.5798146,
              45.49896879457639
            ],
            [
              -73.57930864919832,
              45.498951371499025
            ],
            [
              -73.57880757097945,
              45.49889927006068
            ],
            [
              -73.57831619100054,
              45.49881299202671
            ],
            [
              -73.57783924151941,
              45.49869336830172
            ],
            [
              -73.57738131582029,
              45.4985415509276
            ],
            [
              -73.57694682397799,
              45.498359001988625
            ],
            [
              -73.57653995038646,
              45.49814747953089
            ],
            [
              -73.57616461346082,
              45.4979090206313
            ],
            [
              -73.57582442790084,
              45.49764592177939
            ],
            [
              -73.57552266987942,
              45.49736071676094
            ],
            [
              -73.57526224549127,
              45.497056152256185
            ],
            [
              -73.5750456627656,
              45.496735161387804
            ],
            [
              -73.57487500751249,
              45.49640083547332
            ],
            [
              -73.57475192323527,
              45.496056394254055
            ],
            [
              -73.57467759530283,
              45.49570515488725
            ],
            [
              -73.57465273953382,
              45.4953505
            ],
            [
              -73.57467759530283,
              45.494995845112754
            ],
            [
              -73.57475192323527,
              45.49464460574595
            ],
            [
              -73.57487500751249,
              45.494300164526685
            ],
            [
              -73.5750456627656,
              45.4939658386122
            ],
            [
              -73.57526224549127,
              45.493644847743816
            ],
            [
              -73.57552266987942,
              45.493340283239064
            ],
            [
              -73.57582442790084,
              45.493055078220614
            ],
            [
              -73.57616461346082,
              45.492791979368704
            ],
            [
              -73.57653995038646,
              45.49255352046911
            ],
            [
              -73.57694682397799,
              45.492341998011376
            ],
            [
              -73.57738131582029,
              45.4921594490724
            ],
            [
              -73.57783924151941,
              45.49200763169828
            ],
            [
              -73.57831619100054,
              45.491888007973294
            ],
            [
              -73.57880757097945,
              45.49180172993932
            ],
            [
              -73.57930864919832,
              45.491749628500976
            ],
            [
              -73.5798146,
              45.49173220542361
            ],
            [
              -73.58032055080169,
              45.491749628500976
            ],
            [
              -73.58082162902056,
              45.49180172993932
            ],
            [
              -73.58131300899947,
              45.491888007973294
            ],
            [
              -73.5817899584806,
              45.49200763169828
            ],
            [
              -73.58224788417972,
              45.4921594490724
            ],
            [
              -73.58268237602202,
              45.492341998011376
            ],
            [
              -73.58308924961355,
              45.49255352046911
            ],
            [
              -73.5834645865392,
              45.492791979368704
            ],
            [
              -73.58380477209917,
              45.493055078220614
            ],
            [
              -73.5841065301206,
              45.493340283239064
            ],
            [
              -73.58436695450874,
              45.493644847743816
            ],
            [
              -73.58458353723441,
              45.4939658386122
            ],
            [
              -73.58475419248752,
              45.494300164526685
            ],
            [
              -73.58487727676474,
              45.49464460574595
            ],
            [
              -73.58495160469718,
              45.494995845112754
            ],
            [
              -73.5849764604662,
              45.4953505
            ],
            [
              -73.58495160469718,
              45.49570515488725
            ],
            [
              -73.58487727676474,
              45.496056394254055
            ],
            [
              -73.58475419248752,
              45.49640083547332
            ],
            [
              -73.58458353723441,
              45.496735161387804
            ],
            [
              -73.58436695450874,
              45.497056152256185
            ],
            [
              -73.5841065301206,
              45.49736071676094
            ],
            [
              -73.58380477209917,
              45.49764592177939
            ],
            [
              -73.5834645865392,
              45.4979090206313
            ],
            [
              -73.58308924961355,
              45.49814747953089
            ],
            [
              -73.58268237602202,
              45.498359001988625
            ],
            [
              -73.58224788417972,
              45.4985415509276
            ],
            [
              -73.5817899584806,
              45.49869336830172
            ],
            [
              -73.58131300899947,
              45.49881299202671
            ],
            [
              -73.58082162902056,
              45.49889927006068
            ],
            [
              -73.58032055080169,
              45.498951371499025
            ],
            [
              -73.5798146,
              45.49896879457639
            ]
          ]
        ]
      },
      "properties": {
        "name": "Guy-Concordia",
        "system": "Metro",
        "zone": "A",
        "featureType": "hidingZone",
        "radiusMiles": 0.25,
        "lines": [
          "Green"
        ]
      }
    },
    {
      "type": "Feature",
      "geometry": {
        "type": "Point",
        "coordinates": [
          -73.5683367,
          45.5080372
        ]
      },
      "properties": {
        "name": "Place-des-Arts",
        "system": "Metro",
        "zone": "A",
        "featureType": "station",
        "lines": [
          "Green"
        ]
      }
    },
    {
      "type": "Feature",
      "geometry": {
        "type": "Polygon",
        "coordinates": [
          [
            [
              -73.5683367,
              45.51165549457639
            ],
            [
              -73.56783063517618,
              45.51163807149902
            ],
            [
              -73.56732944403326,
              45.51158597006068
            ],
            [
              -73.56683795331593,
              45.5114996920267
            ],
            [
              -73.56636089634844,
              45.51138006830172
            ],
            [
              -73.56590286745022,
              45.511228250927594
            ],
            [
              -73.56546827768992,
              45.51104570198862
            ],
            [
              -73.5650613124045,
              45.51083417953089
            ],
            [
              -73.56468589089214,
              45.510595720631294
            ],
            [
              -73.56434562866721,
              45.51033262177938
            ],
            [
              -73.56404380264097,
              45.51004741676093
            ],
            [
              -73.56378331956303,
              45.50974285225618
            ],
            [
              -73.56356668802783,
              45.5094218613878
            ],
            [
              -73.56339599431547,
              45.50908753547331
            ],
            [
              -73.56327288229973,
              45.50874309425405
            ],
            [
              -73.56319853761659,
              45.50839185488724
            ],
            [
              -73.56317367624602,
              45.5080372
            ],
            [
              -73.56319853761659,
              45.50768254511275
            ],
            [
              -73.56327288229973,
              45.50733130574594
            ],
            [
              -73.56339599431547,
              45.50698686452668
            ],
            [
              -73.56356668802783,
              45.506652538612194
            ],
            [
              -73.56378331956303,
              45.50633154774381
            ],
            [
              -73.56404380264097,
              45.50602698323906
            ],
            [
              -73.56434562866721,
              45.50574177822061
            ],
            [
              -73.56468589089214,
              45.5054786793687
            ],
            [
              -73.5650613124045,
              45.505240220469105
            ],
            [
              -73.56546827768992,
              45.50502869801137
            ],
            [
              -73.56590286745022,
              45.5048461490724
            ],
            [
              -73.56636089634844,
              45.504694331698275
            ],
            [
              -73.56683795331593,
              45.50457470797329
            ],
            [
              -73.56732944403326,
              45.504488429939315
            ],
            [
              -73.56783063517618,
              45.50443632850097
            ],
            [
              -73.5683367,
              45.504418905423606
            ],
            [
              -73.56884276482383,
              45.50443632850097
            ],
            [
              -73.56934395596674,
              45.504488429939315
            ],
            [
              -73.56983544668408,
              45.50457470797329
            ],
            [
              -73.57031250365156,
              45.504694331698275
            ],
            [
              -73.57077053254979,
              45.5048461490724
            ],
            [
              -73.57120512231009,
              45.50502869801137
            ],
            [
              -73.57161208759551,
              45.505240220469105
            ],
            [
              -73.57198750910787,
              45.5054786793687
            ],
            [
              -73.5723277713328,
              45.50574177822061
            ],
            [
              -73.57262959735904,
              45.50602698323906
            ],
            [
              -73.57289008043698,
              45.50633154774381
            ],
            [
              -73.57310671197217,
              45.506652538612194
            ],
            [
              -73.57327740568454,
              45.50698686452668
            ],
            [
              -73.57340051770028,
              45.50733130574594
            ],
            [
              -73.57347486238342,
              45.50768254511275
            ],
            [
              -73.57349972375398,
              45.5080372
            ],
            [
              -73.57347486238342,
              45.50839185488724
            ],
            [
              -73.57340051770028,
              45.50874309425405
            ],
            [
              -73.57327740568454,
              45.50908753547331
            ],
            [
              -73.57310671197217,
              45.5094218613878
            ],
            [
              -73.57289008043698,
              45.50974285225618
            ],
            [
              -73.57262959735904,
              45.51004741676093
            ],
            [
              -73.5723277713328,
              45.51033262177938
            ],
            [
              -73.57198750910787,
              45.510595720631294
            ],
            [
              -73.57161208759551,
              45.51083417953089
            ],
            [
              -73.57120512231009,
              45.51104570198862
            ],
            [
              -73.57077053254979,
              45.511228250927594
            ],
            [
              -73.57031250365156,
              45.51138006830172
            ],
            [
              -73.56983544668408,
              45.5114996920267
            ],
            [
              -73.56934395596674,
              45.51158597006068
            ],
            [
              -73.56884276482383,
              45.51163807149902
            ],
            [
              -73.5683367,
              45.51165549457639
            ]
          ]
        ]
      },
      "properties": {
        "name": "Place-des-Arts",
        "system": "Metro",
        "zone": "A",
        "featureType": "hidingZone",
        "radiusMiles": 0.25,
        "lines": [
          "Green"
        ]
      }
    },
    {
      "type": "Feature",
      "geometry": {
        "type": "Point",
        "coordinates": [
          -73.5648225,
          45.5109236
        ]
      },
      "properties": {
        "name": "Saint-Laurent",
        "system": "Metro",
        "zone": "A",
        "featureType": "station",
        "lines": [
          "Green"
        ]
      }
    },
    {
      "type": "Feature",
      "geometry": {
        "type": "Polygon",
        "coordinates": [
          [
            [
              -73.5648225,
              45.51454189457639
            ],
            [
              -73.56431640922392,
              45.51452447149902
            ],
            [
              -73.56381519237868,
              45.51447237006068
            ],
            [
              -73.56332367645648,
              45.514386092026704
            ],
            [
              -73.56284659502434,
              45.51426646830172
            ],
            [
              -73.56238854263725,
              45.514114650927596
            ],
            [
              -73.56195393059011,
              45.51393210198862
            ],
            [
              -73.5615469444345,
              45.51372057953089
            ],
            [
              -73.5611715036696,
              45.513482120631295
            ],
            [
              -73.56083122399518,
              45.513219021779385
            ],
            [
              -73.56052938249054,
              45.512933816760935
            ],
            [
              -73.56026888605439,
              45.51262925225618
            ],
            [
              -73.56005224340979,
              45.5123082613878
            ],
            [
              -73.55988154094383,
              45.511973935473314
            ],
            [
              -73.55975842261459,
              45.51162949425405
            ],
            [
              -73.55968407411889,
              45.511278254887245
            ],
            [
              -73.55965921147336,
              45.5109236
            ],
            [
              -73.55968407411889,
              45.51056894511275
            ],
            [
              -73.55975842261459,
              45.510217705745944
            ],
            [
              -73.55988154094383,
              45.50987326452668
            ],
            [
              -73.56005224340979,
              45.509538938612195
            ],
            [
              -73.56026888605439,
              45.509217947743814
            ],
            [
              -73.56052938249054,
              45.50891338323906
            ],
            [
              -73.56083122399518,
              45.50862817822061
            ],
            [
              -73.5611715036696,
              45.5083650793687
            ],
            [
              -73.5615469444345,
              45.508126620469106
            ],
            [
              -73.56195393059011,
              45.507915098011374
            ],
            [
              -73.56238854263725,
              45.5077325490724
            ],
            [
              -73.56284659502434,
              45.507580731698276
            ],
            [
              -73.56332367645648,
              45.50746110797329
            ],
            [
              -73.56381519237868,
              45.507374829939316
            ],
            [
              -73.56431640922392,
              45.507322728500974
            ],
            [
              -73.5648225,
              45.50730530542361
            ],
            [
              -73.56532859077609,
              45.507322728500974
            ],
            [
              -73.56582980762133,
              45.507374829939316
            ],
            [
              -73.56632132354353,
              45.50746110797329
            ],
            [
              -73.56679840497567,
              45.507580731698276
            ],
            [
              -73.56725645736276,
              45.5077325490724
            ],
            [
              -73.5676910694099,
              45.507915098011374
            ],
            [
              -73.56809805556551,
              45.508126620469106
            ],
            [
              -73.56847349633041,
              45.5083650793687
            ],
            [
              -73.56881377600483,
              45.50862817822061
            ],
            [
              -73.56911561750947,
              45.50891338323906
            ],
            [
              -73.56937611394562,
              45.509217947743814
            ],
            [
              -73.56959275659023,
              45.509538938612195
            ],
            [
              -73.56976345905618,
              45.50987326452668
            ],
            [
              -73.56988657738542,
              45.510217705745944
            ],
            [
              -73.56996092588112,
              45.51056894511275
            ],
            [
              -73.56998578852665,
              45.5109236
            ],
            [
              -73.56996092588112,
              45.511278254887245
            ],
            [
              -73.56988657738542,
              45.51162949425405
            ],
            [
              -73.56976345905618,
              45.511973935473314
            ],
            [
              -73.56959275659023,
              45.5123082613878
            ],
            [
              -73.56937611394562,
              45.51262925225618
            ],
            [
              -73.56911561750947,
              45.512933816760935
            ],
            [
              -73.56881377600483,
              45.513219021779385
            ],
            [
              -73.56847349633041,
              45.513482120631295
            ],
            [
              -73.56809805556551,
              45.51372057953089
            ],
            [
              -73.5676910694099,
              45.51393210198862
            ],
            [
              -73.56725645736276,
              45.514114650927596
            ],
            [
              -73.56679840497567,
              45.51426646830172
            ],
            [
              -73.56632132354353,
              45.514386092026704
            ],
            [
              -73.56582980762133,
              45.51447237006068
            ],
            [
              -73.56532859077609,
              45.51452447149902
            ],
            [
              -73.5648225,
              45.51454189457639
            ]
          ]
        ]
      },
      "properties": {
        "name": "Saint-Laurent",
        "system": "Metro",
        "zone": "A",
        "featureType": "hidingZone",
        "radiusMiles": 0.25,
        "lines": [
          "Green"
        ]
      }
    },
    {
      "type": "Feature",
      "geometry": {
        "type": "Point",
        "coordinates": [
          -73.5863126,
          45.4896787
        ]
      },
      "properties": {
        "name": "Atwater",
        "system": "Metro",
        "zone": "A",
        "featureType": "station",
        "lines": [
          "Green"
        ]
      }
    },
    {
      "type": "Feature",
      "geometry": {
        "type": "Polygon",
        "coordinates": [
          [
            [
              -73.5863126,
              45.49329699457639
            ],
            [
              -73.58580670014918,
              45.49327957149902
            ],
            [
              -73.58530567239046,
              45.49322747006068
            ],
            [
              -73.58481434189508,
              45.493141192026705
            ],
            [
              -73.58433744044427,
              45.49302156830172
            ],
            [
              -73.58387956085973,
              45.492869750927596
            ],
            [
              -73.58344511277214,
              45.49268720198862
            ],
            [
              -73.58303828015407,
              45.49247567953089
            ],
            [
              -73.58266298102605,
              45.492237220631296
            ],
            [
              -73.58232282972384,
              45.491974121779386
            ],
            [
              -73.58202110209041,
              45.491688916760936
            ],
            [
              -73.58176070392783,
              45.49138435225618
            ],
            [
              -73.58154414301274,
              45.4910633613878
            ],
            [
              -73.58137350494513,
              45.490729035473315
            ],
            [
              -73.58125043306289,
              45.49038459425405
            ],
            [
              -73.58117611261552,
              45.490033354887245
            ],
            [
              -73.58115125934955,
              45.4896787
            ],
            [
              -73.58117611261552,
              45.48932404511275
            ],
            [
              -73.58125043306289,
              45.488972805745945
            ],
            [
              -73.58137350494513,
              45.48862836452668
            ],
            [
              -73.58154414301274,
              45.488294038612196
            ],
            [
              -73.58176070392783,
              45.487973047743814
            ],
            [
              -73.58202110209041,
              45.48766848323906
            ],
            [
              -73.58232282972384,
              45.48738327822061
            ],
            [
              -73.58266298102605,
              45.4871201793687
            ],
            [
              -73.58303828015407,
              45.48688172046911
            ],
            [
              -73.58344511277214,
              45.486670198011375
            ],
            [
              -73.58387956085973,
              45.4864876490724
            ],
            [
              -73.58433744044427,
              45.48633583169828
            ],
            [
              -73.58481434189508,
              45.48621620797329
            ],
            [
              -73.58530567239046,
              45.48612992993932
            ],
            [
              -73.58580670014918,
              45.486077828500974
            ],
            [
              -73.5863126,
              45.48606040542361
            ],
            [
              -73.58681849985082,
              45.486077828500974
            ],
            [
              -73.58731952760954,
              45.48612992993932
            ],
            [
              -73.58781085810492,
              45.48621620797329
            ],
            [
              -73.58828775955573,
              45.48633583169828
            ],
            [
              -73.58874563914027,
              45.4864876490724
            ],
            [
              -73.58918008722786,
              45.486670198011375
            ],
            [
              -73.58958691984593,
              45.48688172046911
            ],
            [
              -73.58996221897395,
              45.4871201793687
            ],
            [
              -73.59030237027616,
              45.48738327822061
            ],
            [
              -73.59060409790959,
              45.48766848323906
            ],
            [
              -73.59086449607217,
              45.487973047743814
            ],
            [
              -73.59108105698726,
              45.488294038612196
            ],
            [
              -73.59125169505486,
              45.48862836452668
            ],
            [
              -73.59137476693711,
              45.488972805745945
            ],
            [
              -73.59144908738448,
              45.48932404511275
            ],
            [
              -73.59147394065045,
              45.4896787
            ],
            [
              -73.59144908738448,
              45.490033354887245
            ],
            [
              -73.59137476693711,
              45.49038459425405
            ],
            [
              -73.59125169505486,
              45.490729035473315
            ],
            [
              -73.59108105698726,
              45.4910633613878
            ],
            [
              -73.59086449607217,
              45.49138435225618
            ],
            [
              -73.59060409790959,
              45.491688916760936
            ],
            [
              -73.59030237027616,
              45.491974121779386
            ],
            [
              -73.58996221897395,
              45.492237220631296
            ],
            [
              -73.58958691984593,
              45.49247567953089
            ],
            [
              -73.58918008722786,
              45.49268720198862
            ],
            [
              -73.58874563914027,
              45.492869750927596
            ],
            [
              -73.58828775955573,
              45.49302156830172
            ],
            [
              -73.58781085810492,
              45.493141192026705
            ],
            [
              -73.58731952760954,
              45.49322747006068
            ],
            [
              -73.58681849985082,
              45.49327957149902
            ],
            [
              -73.5863126,
              45.49329699457639
            ]
          ]
        ]
      },
      "properties": {
        "name": "Atwater",
        "system": "Metro",
        "zone": "A",
        "featureType": "hidingZone",
        "radiusMiles": 0.25,
        "lines": [
          "Green"
        ]
      }
    },
    {
      "type": "Feature",
      "geometry": {
        "type": "Point",
        "coordinates": [
          -73.5511268,
          45.5468903
        ]
      },
      "properties": {
        "name": "Joliette",
        "system": "Metro",
        "zone": "A",
        "featureType": "station",
        "lines": [
          "Green"
        ]
      }
    },
    {
      "type": "Feature",
      "geometry": {
        "type": "Polygon",
        "coordinates": [
          [
            [
              -73.5511268,
              45.55050859457639
            ],
            [
              -73.55062038550818,
              45.550491171499026
            ],
            [
              -73.55011884806476,
              45.55043907006068
            ],
            [
              -73.54962701774947,
              45.55035279202671
            ],
            [
              -73.54914963115712,
              45.55023316830172
            ],
            [
              -73.54869128578156,
              45.5500813509276
            ],
            [
              -73.5482563957393,
              45.549898801988626
            ],
            [
              -73.5478491492592,
              45.54968727953089
            ],
            [
              -73.54747346834749,
              45.5494488206313
            ],
            [
              -73.5471329710167,
              45.54918572177939
            ],
            [
              -73.54683093644226,
              45.54890051676094
            ],
            [
              -73.54657027338224,
              45.548595952256186
            ],
            [
              -73.54635349216441,
              45.548274961387804
            ],
            [
              -73.54618268051038,
              45.54794063547332
            ],
            [
              -73.54605948342979,
              45.547596194254055
            ],
            [
              -73.54598508737783,
              45.54724495488725
            ],
            [
              -73.54596020882917,
              45.5468903
            ],
            [
              -73.54598508737783,
              45.546535645112755
            ],
            [
              -73.54605948342979,
              45.54618440574595
            ],
            [
              -73.54618268051038,
              45.545839964526685
            ],
            [
              -73.54635349216441,
              45.5455056386122
            ],
            [
              -73.54657027338224,
              45.54518464774382
            ],
            [
              -73.54683093644226,
              45.544880083239065
            ],
            [
              -73.5471329710167,
              45.544594878220614
            ],
            [
              -73.54747346834749,
              45.544331779368704
            ],
            [
              -73.5478491492592,
              45.54409332046911
            ],
            [
              -73.5482563957393,
              45.54388179801138
            ],
            [
              -73.54869128578156,
              45.543699249072404
            ],
            [
              -73.54914963115712,
              45.54354743169828
            ],
            [
              -73.54962701774947,
              45.543427807973295
            ],
            [
              -73.55011884806476,
              45.54334152993932
            ],
            [
              -73.55062038550818,
              45.54328942850098
            ],
            [
              -73.5511268,
              45.54327200542361
            ],
            [
              -73.55163321449183,
              45.54328942850098
            ],
            [
              -73.55213475193526,
              45.54334152993932
            ],
            [
              -73.55262658225054,
              45.543427807973295
            ],
            [
              -73.55310396884289,
              45.54354743169828
            ],
            [
              -73.55356231421845,
              45.543699249072404
            ],
            [
              -73.55399720426071,
              45.54388179801138
            ],
            [
              -73.5544044507408,
              45.54409332046911
            ],
            [
              -73.55478013165252,
              45.544331779368704
            ],
            [
              -73.55512062898332,
              45.544594878220614
            ],
            [
              -73.55542266355775,
              45.544880083239065
            ],
            [
              -73.55568332661777,
              45.54518464774382
            ],
            [
              -73.5559001078356,
              45.5455056386122
            ],
            [
              -73.55607091948963,
              45.545839964526685
            ],
            [
              -73.55619411657023,
              45.54618440574595
            ],
            [
              -73.55626851262218,
              45.546535645112755
            ],
            [
              -73.55629339117084,
              45.5468903
            ],
            [
              -73.55626851262218,
              45.54724495488725
            ],
            [
              -73.55619411657023,
              45.547596194254055
            ],
            [
              -73.55607091948963,
              45.54794063547332
            ],
            [
              -73.5559001078356,
              45.548274961387804
            ],
            [
              -73.55568332661777,
              45.548595952256186
            ],
            [
              -73.55542266355775,
              45.54890051676094
            ],
            [
              -73.55512062898332,
              45.54918572177939
            ],
            [
              -73.55478013165252,
              45.5494488206313
            ],
            [
              -73.5544044507408,
              45.54968727953089
            ],
            [
              -73.55399720426071,
              45.549898801988626
            ],
            [
              -73.55356231421845,
              45.5500813509276
            ],
            [
              -73.55310396884289,
              45.55023316830172
            ],
            [
              -73.55262658225054,
              45.55035279202671
            ],
            [
              -73.55213475193526,
              45.55043907006068
            ],
            [
              -73.55163321449183,
              45.550491171499026
            ],
            [
              -73.5511268,
              45.55050859457639
            ]
          ]
        ]
      },
      "properties": {
        "name": "Joliette",
        "system": "Metro",
        "zone": "A",
        "featureType": "hidingZone",
        "radiusMiles": 0.25,
        "lines": [
          "Green"
        ]
      }
    },
    {
      "type": "Feature",
      "geometry": {
        "type": "Point",
        "coordinates": [
          -73.5820354,
          45.4567578
        ]
      },
      "properties": {
        "name": "Jolicoeur",
        "system": "Metro",
        "zone": "A",
        "featureType": "station",
        "lines": [
          "Green"
        ]
      }
    },
    {
      "type": "Feature",
      "geometry": {
        "type": "Polygon",
        "coordinates": [
          [
            [
              -73.5820354,
              45.46037609457639
            ],
            [
              -73.58152979558352,
              45.46035867149902
            ],
            [
              -73.58102906041398,
              45.46030657006068
            ],
            [
              -73.58053801684476,
              45.460220292026705
            ],
            [
              -73.58006139389389,
              45.46010066830172
            ],
            [
              -73.57960378170091,
              45.459948850927596
            ],
            [
              -73.57916958732142,
              45.45976630198862
            ],
            [
              -73.57876299228462,
              45.45955477953089
            ],
            [
              -73.57838791232302,
              45.459316320631295
            ],
            [
              -73.57804795966166,
              45.459053221779385
            ],
            [
              -73.57774640823051,
              45.458768016760935
            ],
            [
              -73.5774861621347,
              45.45846345225618
            ],
            [
              -73.57726972768641,
              45.4581424613878
            ],
            [
              -73.57709918926768,
              45.457808135473314
            ],
            [
              -73.57697618925671,
              45.45746369425405
            ],
            [
              -73.57690191221084,
              45.457112454887245
            ],
            [
              -73.57687707345863,
              45.4567578
            ],
            [
              -73.57690191221084,
              45.45640314511275
            ],
            [
              -73.57697618925671,
              45.456051905745944
            ],
            [
              -73.57709918926768,
              45.45570746452668
            ],
            [
              -73.57726972768641,
              45.455373138612195
            ],
            [
              -73.5774861621347,
              45.455052147743814
            ],
            [
              -73.57774640823051,
              45.45474758323906
            ],
            [
              -73.57804795966166,
              45.45446237822061
            ],
            [
              -73.57838791232302,
              45.4541992793687
            ],
            [
              -73.57876299228462,
              45.453960820469106
            ],
            [
              -73.57916958732142,
              45.453749298011374
            ],
            [
              -73.57960378170091,
              45.4535667490724
            ],
            [
              -73.58006139389389,
              45.453414931698276
            ],
            [
              -73.58053801684476,
              45.45329530797329
            ],
            [
              -73.58102906041398,
              45.453209029939316
            ],
            [
              -73.58152979558352,
              45.453156928500974
            ],
            [
              -73.5820354,
              45.45313950542361
            ],
            [
              -73.58254100441647,
              45.453156928500974
            ],
            [
              -73.58304173958601,
              45.453209029939316
            ],
            [
              -73.58353278315523,
              45.45329530797329
            ],
            [
              -73.5840094061061,
              45.453414931698276
            ],
            [
              -73.58446701829908,
              45.4535667490724
            ],
            [
              -73.58490121267857,
              45.453749298011374
            ],
            [
              -73.58530780771537,
              45.453960820469106
            ],
            [
              -73.58568288767697,
              45.4541992793687
            ],
            [
              -73.58602284033833,
              45.45446237822061
            ],
            [
              -73.58632439176948,
              45.45474758323906
            ],
            [
              -73.58658463786529,
              45.455052147743814
            ],
            [
              -73.58680107231358,
              45.455373138612195
            ],
            [
              -73.5869716107323,
              45.45570746452668
            ],
            [
              -73.58709461074328,
              45.456051905745944
            ],
            [
              -73.58716888778915,
              45.45640314511275
            ],
            [
              -73.58719372654136,
              45.4567578
            ],
            [
              -73.58716888778915,
              45.457112454887245
            ],
            [
              -73.58709461074328,
              45.45746369425405
            ],
            [
              -73.5869716107323,
              45.457808135473314
            ],
            [
              -73.58680107231358,
              45.4581424613878
            ],
            [
              -73.58658463786529,
              45.45846345225618
            ],
            [
              -73.58632439176948,
              45.458768016760935
            ],
            [
              -73.58602284033833,
              45.459053221779385
            ],
            [
              -73.58568288767697,
              45.459316320631295
            ],
            [
              -73.58530780771537,
              45.45955477953089
            ],
            [
              -73.58490121267857,
              45.45976630198862
            ],
            [
              -73.58446701829908,
              45.459948850927596
            ],
            [
              -73.5840094061061,
              45.46010066830172
            ],
            [
              -73.58353278315523,
              45.460220292026705
            ],
            [
              -73.58304173958601,
              45.46030657006068
            ],
            [
              -73.58254100441647,
              45.46035867149902
            ],
            [
              -73.5820354,
              45.46037609457639
            ]
          ]
        ]
      },
      "properties": {
        "name": "Jolicoeur",
        "system": "Metro",
        "zone": "A",
        "featureType": "hidingZone",
        "radiusMiles": 0.25,
        "lines": [
          "Green"
        ]
      }
    },
    {
      "type": "Feature",
      "geometry": {
        "type": "Point",
        "coordinates": [
          -73.5515006,
          45.5542002
        ]
      },
      "properties": {
        "name": "Pie IX",
        "system": "Metro",
        "zone": "A",
        "featureType": "station",
        "lines": [
          "Green"
        ]
      }
    },
    {
      "type": "Feature",
      "geometry": {
        "type": "Polygon",
        "coordinates": [
          [
            [
              -73.5515006,
              45.55781849457639
            ],
            [
              -73.55099411964089,
              45.55780107149902
            ],
            [
              -73.55049251696451,
              45.55774897006068
            ],
            [
              -73.55000062267884,
              45.5576626920267
            ],
            [
              -73.54952317399473,
              45.55754306830172
            ],
            [
              -73.54906476900403,
              45.557391250927594
            ],
            [
              -73.54862982239739,
              45.55720870198862
            ],
            [
              -73.54822252294838,
              45.55699717953089
            ],
            [
              -73.54784679317335,
              45.556758720631294
            ],
            [
              -73.54750625155545,
              45.55649562177938
            ],
            [
              -73.5472041776966,
              45.55621041676093
            ],
            [
              -73.54694348073319,
              45.55590585225618
            ],
            [
              -73.54672667131949,
              45.5555848613878
            ],
            [
              -73.5465558374487,
              45.55525053547331
            ],
            [
              -73.54643262434433,
              45.55490609425405
            ],
            [
              -73.54635821861598,
              45.55455485488724
            ],
            [
              -73.54633333683147,
              45.5542002
            ],
            [
              -73.54635821861598,
              45.55384554511275
            ],
            [
              -73.54643262434433,
              45.55349430574594
            ],
            [
              -73.5465558374487,
              45.55314986452668
            ],
            [
              -73.54672667131949,
              45.552815538612194
            ],
            [
              -73.54694348073319,
              45.55249454774381
            ],
            [
              -73.5472041776966,
              45.55218998323906
            ],
            [
              -73.54750625155545,
              45.55190477822061
            ],
            [
              -73.54784679317335,
              45.5516416793687
            ],
            [
              -73.54822252294838,
              45.551403220469105
            ],
            [
              -73.54862982239739,
              45.55119169801137
            ],
            [
              -73.54906476900403,
              45.5510091490724
            ],
            [
              -73.54952317399473,
              45.550857331698275
            ],
            [
              -73.55000062267884,
              45.55073770797329
            ],
            [
              -73.55049251696451,
              45.550651429939315
            ],
            [
              -73.55099411964089,
              45.55059932850097
            ],
            [
              -73.5515006,
              45.550581905423606
            ],
            [
              -73.5520070803591,
              45.55059932850097
            ],
            [
              -73.55250868303548,
              45.550651429939315
            ],
            [
              -73.55300057732116,
              45.55073770797329
            ],
            [
              -73.55347802600527,
              45.550857331698275
            ],
            [
              -73.55393643099596,
              45.5510091490724
            ],
            [
              -73.5543713776026,
              45.55119169801137
            ],
            [
              -73.55477867705162,
              45.551403220469105
            ],
            [
              -73.55515440682665,
              45.5516416793687
            ],
            [
              -73.55549494844455,
              45.55190477822061
            ],
            [
              -73.5557970223034,
              45.55218998323906
            ],
            [
              -73.5560577192668,
              45.55249454774381
            ],
            [
              -73.5562745286805,
              45.552815538612194
            ],
            [
              -73.5564453625513,
              45.55314986452668
            ],
            [
              -73.55656857565566,
              45.55349430574594
            ],
            [
              -73.55664298138402,
              45.55384554511275
            ],
            [
              -73.55666786316853,
              45.5542002
            ],
            [
              -73.55664298138402,
              45.55455485488724
            ],
            [
              -73.55656857565566,
              45.55490609425405
            ],
            [
              -73.5564453625513,
              45.55525053547331
            ],
            [
              -73.5562745286805,
              45.5555848613878
            ],
            [
              -73.5560577192668,
              45.55590585225618
            ],
            [
              -73.5557970223034,
              45.55621041676093
            ],
            [
              -73.55549494844455,
              45.55649562177938
            ],
            [
              -73.55515440682665,
              45.556758720631294
            ],
            [
              -73.55477867705162,
              45.55699717953089
            ],
            [
              -73.5543713776026,
              45.55720870198862
            ],
            [
              -73.55393643099596,
              45.557391250927594
            ],
            [
              -73.55347802600527,
              45.55754306830172
            ],
            [
              -73.55300057732116,
              45.5576626920267
            ],
            [
              -73.55250868303548,
              45.55774897006068
            ],
            [
              -73.5520070803591,
              45.55780107149902
            ],
            [
              -73.5515006,
              45.55781849457639
            ]
          ]
        ]
      },
      "properties": {
        "name": "Pie IX",
        "system": "Metro",
        "zone": "A",
        "featureType": "hidingZone",
        "radiusMiles": 0.25,
        "lines": [
          "Green"
        ]
      }
    },
    {
      "type": "Feature",
      "geometry": {
        "type": "Point",
        "coordinates": [
          -73.603611,
          45.4462277
        ]
      },
      "properties": {
        "name": "Angrignon",
        "system": "Metro",
        "zone": "A",
        "featureType": "station",
        "lines": [
          "Green"
        ]
      }
    },
    {
      "type": "Feature",
      "geometry": {
        "type": "Polygon",
        "coordinates": [
          [
            [
              -73.603611,
              45.44984599457639
            ],
            [
              -73.60310548997332,
              45.449828571499026
            ],
            [
              -73.60260484828451,
              45.449776470060684
            ],
            [
              -73.60211389638677,
              45.44969019202671
            ],
            [
              -73.6016373624152,
              45.44957056830172
            ],
            [
              -73.60117983565249,
              45.4494187509276
            ],
            [
              -73.60074572233144,
              45.449236201988626
            ],
            [
              -73.60033920320068,
              45.44902467953089
            ],
            [
              -73.59996419326163,
              45.4487862206313
            ],
            [
              -73.59962430406502,
              45.44852312177939
            ],
            [
              -73.5993228089296,
              45.44823791676094
            ],
            [
              -73.59906261141836,
              45.447933352256186
            ],
            [
              -73.59884621737558,
              45.447612361387804
            ],
            [
              -73.59867571079415,
              45.44727803547332
            ],
            [
              -73.59855273374568,
              45.446933594254055
            ],
            [
              -73.59847847056638,
              45.44658235488725
            ],
            [
              -73.59845363645124,
              45.4462277
            ],
            [
              -73.59847847056638,
              45.445873045112755
            ],
            [
              -73.59855273374568,
              45.44552180574595
            ],
            [
              -73.59867571079415,
              45.445177364526685
            ],
            [
              -73.59884621737558,
              45.4448430386122
            ],
            [
              -73.59906261141836,
              45.44452204774382
            ],
            [
              -73.5993228089296,
              45.444217483239065
            ],
            [
              -73.59962430406502,
              45.443932278220615
            ],
            [
              -73.59996419326163,
              45.443669179368705
            ],
            [
              -73.60033920320068,
              45.44343072046911
            ],
            [
              -73.60074572233144,
              45.44321919801138
            ],
            [
              -73.60117983565249,
              45.443036649072404
            ],
            [
              -73.6016373624152,
              45.44288483169828
            ],
            [
              -73.60211389638677,
              45.442765207973295
            ],
            [
              -73.60260484828451,
              45.44267892993932
            ],
            [
              -73.60310548997332,
              45.44262682850098
            ],
            [
              -73.603611,
              45.44260940542361
            ],
            [
              -73.60411651002669,
              45.44262682850098
            ],
            [
              -73.60461715171549,
              45.44267892993932
            ],
            [
              -73.60510810361323,
              45.442765207973295
            ],
            [
              -73.6055846375848,
              45.44288483169828
            ],
            [
              -73.60604216434751,
              45.443036649072404
            ],
            [
              -73.60647627766856,
              45.44321919801138
            ],
            [
              -73.60688279679933,
              45.44343072046911
            ],
            [
              -73.60725780673837,
              45.443669179368705
            ],
            [
              -73.60759769593498,
              45.443932278220615
            ],
            [
              -73.6078991910704,
              45.444217483239065
            ],
            [
              -73.60815938858164,
              45.44452204774382
            ],
            [
              -73.60837578262442,
              45.4448430386122
            ],
            [
              -73.60854628920585,
              45.445177364526685
            ],
            [
              -73.60866926625432,
              45.44552180574595
            ],
            [
              -73.60874352943362,
              45.445873045112755
            ],
            [
              -73.60876836354876,
              45.4462277
            ],
            [
              -73.60874352943362,
              45.44658235488725
            ],
            [
              -73.60866926625432,
              45.446933594254055
            ],
            [
              -73.60854628920585,
              45.44727803547332
            ],
            [
              -73.60837578262442,
              45.447612361387804
            ],
            [
              -73.60815938858164,
              45.447933352256186
            ],
            [
              -73.6078991910704,
              45.44823791676094
            ],
            [
              -73.60759769593498,
              45.44852312177939
            ],
            [
              -73.60725780673837,
              45.4487862206313
            ],
            [
              -73.60688279679933,
              45.44902467953089
            ],
            [
              -73.60647627766856,
              45.449236201988626
            ],
            [
              -73.60604216434751,
              45.4494187509276
            ],
            [
              -73.6055846375848,
              45.44957056830172
            ],
            [
              -73.60510810361323,
              45.44969019202671
            ],
            [
              -73.60461715171549,
              45.449776470060684
            ],
            [
              -73.60411651002669,
              45.449828571499026
            ],
            [
              -73.603611,
              45.44984599457639
            ]
          ]
        ]
      },
      "properties": {
        "name": "Angrignon",
        "system": "Metro",
        "zone": "A",
        "featureType": "hidingZone",
        "radiusMiles": 0.25,
        "lines": [
          "Green"
        ]
      }
    },
    {
      "type": "Feature",
      "geometry": {
        "type": "Point",
        "coordinates": [
          -73.6148897,
          45.5201103
        ]
      },
      "properties": {
        "name": "Outremont",
        "system": "Metro",
        "zone": "A",
        "featureType": "station",
        "lines": [
          "Blue"
        ]
      }
    },
    {
      "type": "Feature",
      "geometry": {
        "type": "Polygon",
        "coordinates": [
          [
            [
              -73.6148897,
              45.52372859457639
            ],
            [
              -73.614383526598,
              45.52371117149902
            ],
            [
              -73.61388222792257,
              45.52365907006068
            ],
            [
              -73.61339063175399,
              45.523572792026705
            ],
            [
              -73.61291347243208,
              45.52345316830172
            ],
            [
              -73.61245534526198,
              45.523301350927596
            ],
            [
              -73.61202066225876,
              45.52311880198862
            ],
            [
              -73.61161360965734,
              45.52290727953089
            ],
            [
              -73.61123810759683,
              45.522668820631296
            ],
            [
              -73.61089777236734,
              45.522405721779386
            ],
            [
              -73.61059588158314,
              45.522120516760936
            ],
            [
              -73.61033534261755,
              45.52181595225618
            ],
            [
              -73.6101186646032,
              45.5214949613878
            ],
            [
              -73.60994793426785,
              45.521160635473315
            ],
            [
              -73.60982479583794,
              45.52081619425405
            ],
            [
              -73.60975043520386,
              45.520464954887245
            ],
            [
              -73.60972556849919,
              45.5201103
            ],
            [
              -73.60975043520386,
              45.51975564511275
            ],
            [
              -73.60982479583794,
              45.519404405745945
            ],
            [
              -73.60994793426785,
              45.51905996452668
            ],
            [
              -73.6101186646032,
              45.518725638612196
            ],
            [
              -73.61033534261755,
              45.518404647743814
            ],
            [
              -73.61059588158314,
              45.51810008323906
            ],
            [
              -73.61089777236734,
              45.51781487822061
            ],
            [
              -73.61123810759683,
              45.5175517793687
            ],
            [
              -73.61161360965734,
              45.51731332046911
            ],
            [
              -73.61202066225876,
              45.517101798011375
            ],
            [
              -73.61245534526198,
              45.5169192490724
            ],
            [
              -73.61291347243208,
              45.51676743169828
            ],
            [
              -73.61339063175399,
              45.51664780797329
            ],
            [
              -73.61388222792257,
              45.51656152993932
            ],
            [
              -73.614383526598,
              45.516509428500974
            ],
            [
              -73.6148897,
              45.51649200542361
            ],
            [
              -73.61539587340201,
              45.516509428500974
            ],
            [
              -73.61589717207744,
              45.51656152993932
            ],
            [
              -73.61638876824603,
              45.51664780797329
            ],
            [
              -73.61686592756793,
              45.51676743169828
            ],
            [
              -73.61732405473803,
              45.5169192490724
            ],
            [
              -73.61775873774126,
              45.517101798011375
            ],
            [
              -73.61816579034267,
              45.51731332046911
            ],
            [
              -73.61854129240318,
              45.5175517793687
            ],
            [
              -73.61888162763267,
              45.51781487822061
            ],
            [
              -73.61918351841688,
              45.51810008323906
            ],
            [
              -73.61944405738247,
              45.518404647743814
            ],
            [
              -73.6196607353968,
              45.518725638612196
            ],
            [
              -73.61983146573216,
              45.51905996452668
            ],
            [
              -73.61995460416207,
              45.519404405745945
            ],
            [
              -73.62002896479615,
              45.51975564511275
            ],
            [
              -73.62005383150083,
              45.5201103
            ],
            [
              -73.62002896479615,
              45.520464954887245
            ],
            [
              -73.61995460416207,
              45.52081619425405
            ],
            [
              -73.61983146573216,
              45.521160635473315
            ],
            [
              -73.6196607353968,
              45.5214949613878
            ],
            [
              -73.61944405738247,
              45.52181595225618
            ],
            [
              -73.61918351841688,
              45.522120516760936
            ],
            [
              -73.61888162763267,
              45.522405721779386
            ],
            [
              -73.61854129240318,
              45.522668820631296
            ],
            [
              -73.61816579034267,
              45.52290727953089
            ],
            [
              -73.61775873774126,
              45.52311880198862
            ],
            [
              -73.61732405473803,
              45.523301350927596
            ],
            [
              -73.61686592756793,
              45.52345316830172
            ],
            [
              -73.61638876824603,
              45.523572792026705
            ],
            [
              -73.61589717207744,
              45.52365907006068
            ],
            [
              -73.61539587340201,
              45.52371117149902
            ],
            [
              -73.6148897,
              45.52372859457639
            ]
          ]
        ]
      },
      "properties": {
        "name": "Outremont",
        "system": "Metro",
        "zone": "A",
        "featureType": "hidingZone",
        "radiusMiles": 0.25,
        "lines": [
          "Blue"
        ]
      }
    },
    {
      "type": "Feature",
      "geometry": {
        "type": "Point",
        "coordinates": [
          -73.885608,
          45.4403141
        ]
      },
      "properties": {
        "name": "Kirkland",
        "system": "REM",
        "zone": "A",
        "featureType": "station",
        "lines": [
          "REM"
        ]
      }
    },
    {
      "type": "Feature",
      "geometry": {
        "type": "Polygon",
        "coordinates": [
          [
            [
              -73.885608,
              45.44393239457639
            ],
            [
              -73.88510254295875,
              45.44391497149903
            ],
            [
              -73.8846019537451,
              45.443862870060684
            ],
            [
              -73.88411105330685,
              45.44377659202671
            ],
            [
              -73.88363456928359,
              45.443656968301724
            ],
            [
              -73.88317709047689,
              45.4435051509276
            ],
            [
              -73.88274302265778,
              45.443322601988626
            ],
            [
              -73.88233654613663,
              45.443111079530894
            ],
            [
              -73.88196157550453,
              45.4428726206313
            ],
            [
              -73.88162172193368,
              45.44260952177939
            ],
            [
              -73.88132025839973,
              45.44232431676094
            ],
            [
              -73.88106008816129,
              45.442019752256186
            ],
            [
              -73.88084371680002,
              45.441698761387805
            ],
            [
              -73.88067322809036,
              45.44136443547332
            ],
            [
              -73.88055026393184,
              45.441019994254056
            ],
            [
              -73.88047600853648,
              45.44066875488725
            ],
            [
              -73.88045117702434,
              45.4403141
            ],
            [
              -73.88047600853648,
              45.439959445112756
            ],
            [
              -73.88055026393184,
              45.43960820574595
            ],
            [
              -73.88067322809036,
              45.439263764526686
            ],
            [
              -73.88084371680002,
              45.4389294386122
            ],
            [
              -73.88106008816129,
              45.43860844774382
            ],
            [
              -73.88132025839973,
              45.438303883239065
            ],
            [
              -73.88162172193368,
              45.438018678220615
            ],
            [
              -73.88196157550453,
              45.437755579368705
            ],
            [
              -73.88233654613663,
              45.43751712046911
            ],
            [
              -73.88274302265778,
              45.43730559801138
            ],
            [
              -73.88317709047689,
              45.437123049072405
            ],
            [
              -73.88363456928359,
              45.43697123169828
            ],
            [
              -73.88411105330685,
              45.436851607973296
            ],
            [
              -73.8846019537451,
              45.43676532993932
            ],
            [
              -73.88510254295875,
              45.43671322850098
            ],
            [
              -73.885608,
              45.43669580542361
            ],
            [
              -73.88611345704126,
              45.43671322850098
            ],
            [
              -73.8866140462549,
              45.43676532993932
            ],
            [
              -73.88710494669316,
              45.436851607973296
            ],
            [
              -73.88758143071642,
              45.43697123169828
            ],
            [
              -73.88803890952312,
              45.437123049072405
            ],
            [
              -73.88847297734223,
              45.43730559801138
            ],
            [
              -73.88887945386338,
              45.43751712046911
            ],
            [
              -73.88925442449548,
              45.437755579368705
            ],
            [
              -73.88959427806633,
              45.438018678220615
            ],
            [
              -73.88989574160028,
              45.438303883239065
            ],
            [
              -73.89015591183872,
              45.43860844774382
            ],
            [
              -73.8903722832,
              45.4389294386122
            ],
            [
              -73.89054277190965,
              45.439263764526686
            ],
            [
              -73.89066573606817,
              45.43960820574595
            ],
            [
              -73.89073999146353,
              45.439959445112756
            ],
            [
              -73.89076482297567,
              45.4403141
            ],
            [
              -73.89073999146353,
              45.44066875488725
            ],
            [
              -73.89066573606817,
              45.441019994254056
            ],
            [
              -73.89054277190965,
              45.44136443547332
            ],
            [
              -73.8903722832,
              45.441698761387805
            ],
            [
              -73.89015591183872,
              45.442019752256186
            ],
            [
              -73.88989574160028,
              45.44232431676094
            ],
            [
              -73.88959427806633,
              45.44260952177939
            ],
            [
              -73.88925442449548,
              45.4428726206313
            ],
            [
              -73.88887945386338,
              45.443111079530894
            ],
            [
              -73.88847297734223,
              45.443322601988626
            ],
            [
              -73.88803890952312,
              45.4435051509276
            ],
            [
              -73.88758143071642,
              45.443656968301724
            ],
            [
              -73.88710494669316,
              45.44377659202671
            ],
            [
              -73.8866140462549,
              45.443862870060684
            ],
            [
              -73.88611345704126,
              45.44391497149903
            ],
            [
              -73.885608,
              45.44393239457639
            ]
          ]
        ]
      },
      "properties": {
        "name": "Kirkland",
        "system": "REM",
        "zone": "A",
        "featureType": "hidingZone",
        "radiusMiles": 0.25,
        "lines": [
          "REM"
        ]
      }
    },
    {
      "type": "Feature",
      "geometry": {
        "type": "Point",
        "coordinates": [
          -73.5709494,
          45.4950136
        ]
      },
      "properties": {
        "name": "Lucien-L'Allier",
        "system": "Metro",
        "zone": "A",
        "featureType": "station",
        "lines": [
          "Orange"
        ]
      }
    },
    {
      "type": "Feature",
      "geometry": {
        "type": "Polygon",
        "coordinates": [
          [
            [
              -73.5709494,
              45.49863189457639
            ],
            [
              -73.57044345222519,
              45.498614471499025
            ],
            [
              -73.56994237700403,
              45.49856237006068
            ],
            [
              -73.5694509999648,
              45.498476092026706
            ],
            [
              -73.56897405333703,
              45.49835646830172
            ],
            [
              -73.56851613037746,
              45.4982046509276
            ],
            [
              -73.56808164113451,
              45.498022101988624
            ],
            [
              -73.56767476997712,
              45.49781057953089
            ],
            [
              -73.56729943529695,
              45.4975721206313
            ],
            [
              -73.56695925177213,
              45.49730902177939
            ],
            [
              -73.56665749555599,
              45.49702381676094
            ],
            [
              -73.56639707272583,
              45.496719252256185
            ],
            [
              -73.56618049129588,
              45.4963982613878
            ],
            [
              -73.5660098370637,
              45.496063935473316
            ],
            [
              -73.56588675352283,
              45.495719494254054
            ],
            [
              -73.56581242603508,
              45.49536825488725
            ],
            [
              -73.56578757041476,
              45.4950136
            ],
            [
              -73.56581242603508,
              45.494658945112754
            ],
            [
              -73.56588675352283,
              45.494307705745946
            ],
            [
              -73.5660098370637,
              45.493963264526684
            ],
            [
              -73.56618049129588,
              45.4936289386122
            ],
            [
              -73.56639707272583,
              45.493307947743816
            ],
            [
              -73.56665749555599,
              45.49300338323906
            ],
            [
              -73.56695925177213,
              45.49271817822061
            ],
            [
              -73.56729943529695,
              45.4924550793687
            ],
            [
              -73.56767476997712,
              45.49221662046911
            ],
            [
              -73.56808164113451,
              45.492005098011376
            ],
            [
              -73.56851613037746,
              45.4918225490724
            ],
            [
              -73.56897405333703,
              45.49167073169828
            ],
            [
              -73.5694509999648,
              45.491551107973294
            ],
            [
              -73.56994237700403,
              45.49146482993932
            ],
            [
              -73.57044345222519,
              45.491412728500976
            ],
            [
              -73.5709494,
              45.49139530542361
            ],
            [
              -73.57145534777482,
              45.491412728500976
            ],
            [
              -73.57195642299598,
              45.49146482993932
            ],
            [
              -73.5724478000352,
              45.491551107973294
            ],
            [
              -73.57292474666298,
              45.49167073169828
            ],
            [
              -73.57338266962255,
              45.4918225490724
            ],
            [
              -73.5738171588655,
              45.492005098011376
            ],
            [
              -73.57422403002289,
              45.49221662046911
            ],
            [
              -73.57459936470306,
              45.4924550793687
            ],
            [
              -73.57493954822787,
              45.49271817822061
            ],
            [
              -73.57524130444402,
              45.49300338323906
            ],
            [
              -73.57550172727417,
              45.493307947743816
            ],
            [
              -73.57571830870413,
              45.4936289386122
            ],
            [
              -73.5758889629363,
              45.493963264526684
            ],
            [
              -73.57601204647717,
              45.494307705745946
            ],
            [
              -73.57608637396493,
              45.494658945112754
            ],
            [
              -73.57611122958525,
              45.4950136
            ],
            [
              -73.57608637396493,
              45.49536825488725
            ],
            [
              -73.57601204647717,
              45.495719494254054
            ],
            [
              -73.5758889629363,
              45.496063935473316
            ],
            [
              -73.57571830870413,
              45.4963982613878
            ],
            [
              -73.57550172727417,
              45.496719252256185
            ],
            [
              -73.57524130444402,
              45.49702381676094
            ],
            [
              -73.57493954822787,
              45.49730902177939
            ],
            [
              -73.57459936470306,
              45.4975721206313
            ],
            [
              -73.57422403002289,
              45.49781057953089
            ],
            [
              -73.5738171588655,
              45.498022101988624
            ],
            [
              -73.57338266962255,
              45.4982046509276
            ],
            [
              -73.57292474666298,
              45.49835646830172
            ],
            [
              -73.5724478000352,
              45.498476092026706
            ],
            [
              -73.57195642299598,
              45.49856237006068
            ],
            [
              -73.57145534777482,
              45.498614471499025
            ],
            [
              -73.5709494,
              45.49863189457639
            ]
          ]
        ]
      },
      "properties": {
        "name": "Lucien-L'Allier",
        "system": "Metro",
        "zone": "A",
        "featureType": "hidingZone",
        "radiusMiles": 0.25,
        "lines": [
          "Orange"
        ]
      }
    },
    {
      "type": "Feature",
      "geometry": {
        "type": "Point",
        "coordinates": [
          -73.6338787,
          45.5137474
        ]
      },
      "properties": {
        "name": "Canora",
        "system": "REM",
        "zone": "A",
        "featureType": "station",
        "lines": [
          "REM"
        ]
      }
    },
    {
      "type": "Feature",
      "geometry": {
        "type": "Polygon",
        "coordinates": [
          [
            [
              -73.6338787,
              45.51736569457639
            ],
            [
              -73.63337258383069,
              45.517348271499024
            ],
            [
              -73.63287134183676,
              45.51729617006068
            ],
            [
              -73.63237980125264,
              45.517209892026706
            ],
            [
              -73.63190269588281,
              45.51709026830172
            ],
            [
              -73.63144462051284,
              45.5169384509276
            ],
            [
              -73.63100998665894,
              45.516755901988624
            ],
            [
              -73.6306029800827,
              45.51654437953089
            ],
            [
              -73.63022752047996,
              45.5163059206313
            ],
            [
              -73.62988722373193,
              45.516042821779386
            ],
            [
              -73.62958536708233,
              45.515757616760936
            ],
            [
              -73.6293248575757,
              45.515453052256184
            ],
            [
              -73.629108204061,
              45.5151320613878
            ],
            [
              -73.62893749303001,
              45.514797735473316
            ],
            [
              -73.62881436852328,
              45.514453294254054
            ],
            [
              -73.62874001629712,
              45.514102054887246
            ],
            [
              -73.6287151524041,
              45.5137474
            ],
            [
              -73.62874001629712,
              45.51339274511275
            ],
            [
              -73.62881436852328,
              45.513041505745946
            ],
            [
              -73.62893749303001,
              45.512697064526684
            ],
            [
              -73.629108204061,
              45.5123627386122
            ],
            [
              -73.6293248575757,
              45.512041747743815
            ],
            [
              -73.62958536708233,
              45.51173718323906
            ],
            [
              -73.62988722373193,
              45.51145197822061
            ],
            [
              -73.63022752047996,
              45.5111888793687
            ],
            [
              -73.6306029800827,
              45.51095042046911
            ],
            [
              -73.63100998665894,
              45.510738898011375
            ],
            [
              -73.63144462051284,
              45.5105563490724
            ],
            [
              -73.63190269588281,
              45.51040453169828
            ],
            [
              -73.63237980125264,
              45.51028490797329
            ],
            [
              -73.63287134183676,
              45.51019862993932
            ],
            [
              -73.63337258383069,
              45.510146528500975
            ],
            [
              -73.6338787,
              45.51012910542361
            ],
            [
              -73.6343848161693,
              45.510146528500975
            ],
            [
              -73.63488605816323,
              45.51019862993932
            ],
            [
              -73.63537759874735,
              45.51028490797329
            ],
            [
              -73.63585470411718,
              45.51040453169828
            ],
            [
              -73.63631277948716,
              45.5105563490724
            ],
            [
              -73.63674741334106,
              45.510738898011375
            ],
            [
              -73.6371544199173,
              45.51095042046911
            ],
            [
              -73.63752987952003,
              45.5111888793687
            ],
            [
              -73.63787017626807,
              45.51145197822061
            ],
            [
              -73.63817203291767,
              45.51173718323906
            ],
            [
              -73.6384325424243,
              45.512041747743815
            ],
            [
              -73.638649195939,
              45.5123627386122
            ],
            [
              -73.63881990696999,
              45.512697064526684
            ],
            [
              -73.63894303147671,
              45.513041505745946
            ],
            [
              -73.63901738370288,
              45.51339274511275
            ],
            [
              -73.6390422475959,
              45.5137474
            ],
            [
              -73.63901738370288,
              45.514102054887246
            ],
            [
              -73.63894303147671,
              45.514453294254054
            ],
            [
              -73.63881990696999,
              45.514797735473316
            ],
            [
              -73.638649195939,
              45.5151320613878
            ],
            [
              -73.6384325424243,
              45.515453052256184
            ],
            [
              -73.63817203291767,
              45.515757616760936
            ],
            [
              -73.63787017626807,
              45.516042821779386
            ],
            [
              -73.63752987952003,
              45.5163059206313
            ],
            [
              -73.6371544199173,
              45.51654437953089
            ],
            [
              -73.63674741334106,
              45.516755901988624
            ],
            [
              -73.63631277948716,
              45.5169384509276
            ],
            [
              -73.63585470411718,
              45.51709026830172
            ],
            [
              -73.63537759874735,
              45.517209892026706
            ],
            [
              -73.63488605816323,
              45.51729617006068
            ],
            [
              -73.6343848161693,
              45.517348271499024
            ],
            [
              -73.6338787,
              45.51736569457639
            ]
          ]
        ]
      },
      "properties": {
        "name": "Canora",
        "system": "REM",
        "zone": "A",
        "featureType": "hidingZone",
        "radiusMiles": 0.25,
        "lines": [
          "REM"
        ]
      }
    },
    {
      "type": "Feature",
      "geometry": {
        "type": "Point",
        "coordinates": [
          -73.643454,
          45.5165145
        ]
      },
      "properties": {
        "name": "Ville-de-Mont-Royal",
        "system": "REM",
        "zone": "A",
        "featureType": "station",
        "lines": [
          "REM"
        ]
      }
    },
    {
      "type": "Feature",
      "geometry": {
        "type": "Polygon",
        "coordinates": [
          [
            [
              -73.643454,
              45.52013279457639
            ],
            [
              -73.64294785894369,
              45.520115371499024
            ],
            [
              -73.64244659230242,
              45.52006327006068
            ],
            [
              -73.641955027548,
              45.519976992026706
            ],
            [
              -73.6414778987177,
              45.51985736830172
            ],
            [
              -73.641019800823,
              45.5197055509276
            ],
            [
              -73.64058514559704,
              45.519523001988624
            ],
            [
              -73.64017811900726,
              45.51931147953089
            ],
            [
              -73.63980264094222,
              45.519073020631296
            ],
            [
              -73.63946232746095,
              45.518809921779386
            ],
            [
              -73.63916045596828,
              45.518524716760936
            ],
            [
              -73.63889993365174,
              45.518220152256184
            ],
            [
              -73.63868326948364,
              45.5178991613878
            ],
            [
              -73.63851255005837,
              45.517564835473316
            ],
            [
              -73.63838941949729,
              45.51722039425405
            ],
            [
              -73.63831506361504,
              45.516869154887246
            ],
            [
              -73.63829019849939,
              45.5165145
            ],
            [
              -73.63831506361504,
              45.51615984511275
            ],
            [
              -73.63838941949729,
              45.515808605745946
            ],
            [
              -73.63851255005837,
              45.51546416452668
            ],
            [
              -73.63868326948364,
              45.5151298386122
            ],
            [
              -73.63889993365174,
              45.514808847743815
            ],
            [
              -73.63916045596828,
              45.51450428323906
            ],
            [
              -73.63946232746095,
              45.51421907822061
            ],
            [
              -73.63980264094222,
              45.5139559793687
            ],
            [
              -73.64017811900726,
              45.51371752046911
            ],
            [
              -73.64058514559704,
              45.513505998011375
            ],
            [
              -73.641019800823,
              45.5133234490724
            ],
            [
              -73.6414778987177,
              45.51317163169828
            ],
            [
              -73.641955027548,
              45.51305200797329
            ],
            [
              -73.64244659230242,
              45.51296572993932
            ],
            [
              -73.64294785894369,
              45.512913628500975
            ],
            [
              -73.643454,
              45.51289620542361
            ],
            [
              -73.64396014105633,
              45.512913628500975
            ],
            [
              -73.64446140769759,
              45.51296572993932
            ],
            [
              -73.64495297245202,
              45.51305200797329
            ],
            [
              -73.64543010128232,
              45.51317163169828
            ],
            [
              -73.64588819917701,
              45.5133234490724
            ],
            [
              -73.64632285440297,
              45.513505998011375
            ],
            [
              -73.64672988099275,
              45.51371752046911
            ],
            [
              -73.64710535905779,
              45.5139559793687
            ],
            [
              -73.64744567253906,
              45.51421907822061
            ],
            [
              -73.64774754403173,
              45.51450428323906
            ],
            [
              -73.64800806634827,
              45.514808847743815
            ],
            [
              -73.64822473051638,
              45.5151298386122
            ],
            [
              -73.64839544994165,
              45.51546416452668
            ],
            [
              -73.64851858050272,
              45.515808605745946
            ],
            [
              -73.64859293638497,
              45.51615984511275
            ],
            [
              -73.64861780150062,
              45.5165145
            ],
            [
              -73.64859293638497,
              45.516869154887246
            ],
            [
              -73.64851858050272,
              45.51722039425405
            ],
            [
              -73.64839544994165,
              45.517564835473316
            ],
            [
              -73.64822473051638,
              45.5178991613878
            ],
            [
              -73.64800806634827,
              45.518220152256184
            ],
            [
              -73.64774754403173,
              45.518524716760936
            ],
            [
              -73.64744567253906,
              45.518809921779386
            ],
            [
              -73.64710535905779,
              45.519073020631296
            ],
            [
              -73.64672988099275,
              45.51931147953089
            ],
            [
              -73.64632285440297,
              45.519523001988624
            ],
            [
              -73.64588819917701,
              45.5197055509276
            ],
            [
              -73.64543010128232,
              45.51985736830172
            ],
            [
              -73.64495297245202,
              45.519976992026706
            ],
            [
              -73.64446140769759,
              45.52006327006068
            ],
            [
              -73.64396014105633,
              45.520115371499024
            ],
            [
              -73.643454,
              45.52013279457639
            ]
          ]
        ]
      },
      "properties": {
        "name": "Ville-de-Mont-Royal",
        "system": "REM",
        "zone": "A",
        "featureType": "hidingZone",
        "radiusMiles": 0.25,
        "lines": [
          "REM"
        ]
      }
    },
    {
      "type": "Feature",
      "geometry": {
        "type": "Point",
        "coordinates": [
          -73.5219251,
          45.5249263
        ]
      },
      "properties": {
        "name": "Longueuil–Université-de-Sherbrooke",
        "system": "Metro",
        "zone": "B",
        "featureType": "station",
        "lines": [
          "Yellow"
        ]
      }
    },
    {
      "type": "Feature",
      "geometry": {
        "type": "Polygon",
        "coordinates": [
          [
            [
              -73.5219251,
              45.52854459457639
            ],
            [
              -73.52141888326653,
              45.52852717149902
            ],
            [
              -73.52091754167694,
              45.52847507006068
            ],
            [
              -73.52042590342478,
              45.5283887920267
            ],
            [
              -73.51994870325518,
              45.52826916830172
            ],
            [
              -73.51949053686666,
              45.528117350927594
            ],
            [
              -73.51905581665196,
              45.52793480198862
            ],
            [
              -73.51864872920441,
              45.52772327953089
            ],
            [
              -73.51827319499868,
              45.527484820631294
            ],
            [
              -73.51793283063445,
              45.527221721779384
            ],
            [
              -73.51763091400659,
              45.526936516760934
            ],
            [
              -73.5173703527373,
              45.52663195225618
            ],
            [
              -73.51715365617403,
              45.5263109613878
            ],
            [
              -73.51698291122314,
              45.52597663547331
            ],
            [
              -73.51685976225184,
              45.52563219425405
            ],
            [
              -73.51678539525204,
              45.52528095488724
            ],
            [
              -73.51676052641864,
              45.5249263
            ],
            [
              -73.51678539525204,
              45.52457164511275
            ],
            [
              -73.51685976225184,
              45.52422040574594
            ],
            [
              -73.51698291122314,
              45.52387596452668
            ],
            [
              -73.51715365617403,
              45.523541638612194
            ],
            [
              -73.5173703527373,
              45.52322064774381
            ],
            [
              -73.51763091400659,
              45.52291608323906
            ],
            [
              -73.51793283063445,
              45.52263087822061
            ],
            [
              -73.51827319499868,
              45.5223677793687
            ],
            [
              -73.51864872920441,
              45.522129320469105
            ],
            [
              -73.51905581665196,
              45.52191779801137
            ],
            [
              -73.51949053686666,
              45.5217352490724
            ],
            [
              -73.51994870325518,
              45.521583431698275
            ],
            [
              -73.52042590342478,
              45.52146380797329
            ],
            [
              -73.52091754167694,
              45.521377529939315
            ],
            [
              -73.52141888326653,
              45.52132542850097
            ],
            [
              -73.5219251,
              45.521308005423606
            ],
            [
              -73.52243131673347,
              45.52132542850097
            ],
            [
              -73.52293265832307,
              45.521377529939315
            ],
            [
              -73.52342429657523,
              45.52146380797329
            ],
            [
              -73.52390149674483,
              45.521583431698275
            ],
            [
              -73.52435966313335,
              45.5217352490724
            ],
            [
              -73.52479438334805,
              45.52191779801137
            ],
            [
              -73.5252014707956,
              45.522129320469105
            ],
            [
              -73.52557700500132,
              45.5223677793687
            ],
            [
              -73.52591736936556,
              45.52263087822061
            ],
            [
              -73.52621928599342,
              45.52291608323906
            ],
            [
              -73.5264798472627,
              45.52322064774381
            ],
            [
              -73.52669654382598,
              45.523541638612194
            ],
            [
              -73.52686728877687,
              45.52387596452668
            ],
            [
              -73.52699043774817,
              45.52422040574594
            ],
            [
              -73.52706480474797,
              45.52457164511275
            ],
            [
              -73.52708967358137,
              45.5249263
            ],
            [
              -73.52706480474797,
              45.52528095488724
            ],
            [
              -73.52699043774817,
              45.52563219425405
            ],
            [
              -73.52686728877687,
              45.52597663547331
            ],
            [
              -73.52669654382598,
              45.5263109613878
            ],
            [
              -73.5264798472627,
              45.52663195225618
            ],
            [
              -73.52621928599342,
              45.526936516760934
            ],
            [
              -73.52591736936556,
              45.527221721779384
            ],
            [
              -73.52557700500132,
              45.527484820631294
            ],
            [
              -73.5252014707956,
              45.52772327953089
            ],
            [
              -73.52479438334805,
              45.52793480198862
            ],
            [
              -73.52435966313335,
              45.528117350927594
            ],
            [
              -73.52390149674483,
              45.52826916830172
            ],
            [
              -73.52342429657523,
              45.5283887920267
            ],
            [
              -73.52293265832307,
              45.52847507006068
            ],
            [
              -73.52243131673347,
              45.52852717149902
            ],
            [
              -73.5219251,
              45.52854459457639
            ]
          ]
        ]
      },
      "properties": {
        "name": "Longueuil–Université-de-Sherbrooke",
        "system": "Metro",
        "zone": "B",
        "featureType": "hidingZone",
        "radiusMiles": 0.25,
        "lines": [
          "Yellow"
        ]
      }
    },
    {
      "type": "Feature",
      "geometry": {
        "type": "Point",
        "coordinates": [
          -73.623489,
          45.4966507
        ]
      },
      "properties": {
        "name": "Côte-des-Neiges",
        "system": "Metro",
        "zone": "A",
        "featureType": "station",
        "lines": [
          "Blue"
        ]
      }
    },
    {
      "type": "Feature",
      "geometry": {
        "type": "Polygon",
        "coordinates": [
          [
            [
              -73.623489,
              45.50026899457639
            ],
            [
              -73.62298303751625,
              45.50025157149902
            ],
            [
              -73.62248194772778,
              45.50019947006068
            ],
            [
              -73.62199055640322,
              45.5001131920267
            ],
            [
              -73.62151359590962,
              45.49999356830172
            ],
            [
              -73.62105565963728,
              45.499841750927594
            ],
            [
              -73.62062115776284,
              45.49965920198862
            ],
            [
              -73.62021427477686,
              45.49944767953089
            ],
            [
              -73.61983892918492,
              45.49920922063129
            ],
            [
              -73.61949873577026,
              45.49894612177938
            ],
            [
              -73.61919697078145,
              45.49866091676093
            ],
            [
              -73.61893654038026,
              45.49835635225618
            ],
            [
              -73.61871995265383,
              45.4980353613878
            ],
            [
              -73.61854929346039,
              45.49770103547331
            ],
            [
              -73.61842620634123,
              45.49735659425405
            ],
            [
              -73.61835187669261,
              45.49700535488724
            ],
            [
              -73.61832702034968,
              45.4966507
            ],
            [
              -73.61835187669261,
              45.49629604511275
            ],
            [
              -73.61842620634123,
              45.49594480574594
            ],
            [
              -73.61854929346039,
              45.49560036452668
            ],
            [
              -73.61871995265383,
              45.49526603861219
            ],
            [
              -73.61893654038026,
              45.49494504774381
            ],
            [
              -73.61919697078145,
              45.49464048323906
            ],
            [
              -73.61949873577026,
              45.49435527822061
            ],
            [
              -73.61983892918492,
              45.4940921793687
            ],
            [
              -73.62021427477686,
              45.493853720469104
            ],
            [
              -73.62062115776284,
              45.49364219801137
            ],
            [
              -73.62105565963728,
              45.4934596490724
            ],
            [
              -73.62151359590962,
              45.493307831698274
            ],
            [
              -73.62199055640322,
              45.49318820797329
            ],
            [
              -73.62248194772778,
              45.493101929939314
            ],
            [
              -73.62298303751625,
              45.49304982850097
            ],
            [
              -73.623489,
              45.493032405423605
            ],
            [
              -73.62399496248376,
              45.49304982850097
            ],
            [
              -73.62449605227224,
              45.493101929939314
            ],
            [
              -73.6249874435968,
              45.49318820797329
            ],
            [
              -73.6254644040904,
              45.493307831698274
            ],
            [
              -73.62592234036273,
              45.4934596490724
            ],
            [
              -73.62635684223717,
              45.49364219801137
            ],
            [
              -73.62676372522316,
              45.493853720469104
            ],
            [
              -73.62713907081509,
              45.4940921793687
            ],
            [
              -73.62747926422975,
              45.49435527822061
            ],
            [
              -73.62778102921857,
              45.49464048323906
            ],
            [
              -73.62804145961975,
              45.49494504774381
            ],
            [
              -73.62825804734618,
              45.49526603861219
            ],
            [
              -73.62842870653962,
              45.49560036452668
            ],
            [
              -73.62855179365879,
              45.49594480574594
            ],
            [
              -73.6286261233074,
              45.49629604511275
            ],
            [
              -73.62865097965033,
              45.4966507
            ],
            [
              -73.6286261233074,
              45.49700535488724
            ],
            [
              -73.62855179365879,
              45.49735659425405
            ],
            [
              -73.62842870653962,
              45.49770103547331
            ],
            [
              -73.62825804734618,
              45.4980353613878
            ],
            [
              -73.62804145961975,
              45.49835635225618
            ],
            [
              -73.62778102921857,
              45.49866091676093
            ],
            [
              -73.62747926422975,
              45.49894612177938
            ],
            [
              -73.62713907081509,
              45.49920922063129
            ],
            [
              -73.62676372522316,
              45.49944767953089
            ],
            [
              -73.62635684223717,
              45.49965920198862
            ],
            [
              -73.62592234036273,
              45.499841750927594
            ],
            [
              -73.6254644040904,
              45.49999356830172
            ],
            [
              -73.6249874435968,
              45.5001131920267
            ],
            [
              -73.62449605227224,
              45.50019947006068
            ],
            [
              -73.62399496248376,
              45.50025157149902
            ],
            [
              -73.623489,
              45.50026899457639
            ]
          ]
        ]
      },
      "properties": {
        "name": "Côte-des-Neiges",
        "system": "Metro",
        "zone": "A",
        "featureType": "hidingZone",
        "radiusMiles": 0.25,
        "lines": [
          "Blue"
        ]
      }
    },
    {
      "type": "Feature",
      "geometry": {
        "type": "Point",
        "coordinates": [
          -73.5610756,
          45.5151125
        ]
      },
      "properties": {
        "name": "Berri-UQAM",
        "system": "Metro",
        "zone": "A",
        "featureType": "station",
        "lines": [
          "Green",
          "Orange",
          "Yellow"
        ]
      }
    },
    {
      "type": "Feature",
      "geometry": {
        "type": "Polygon",
        "coordinates": [
          [
            [
              -73.5610756,
              45.51873079457639
            ],
            [
              -73.56056947155358,
              45.518713371499025
            ],
            [
              -73.56006821740077,
              45.51866127006068
            ],
            [
              -73.55957666489309,
              45.51857499202671
            ],
            [
              -73.55909954794988,
              45.51845536830172
            ],
            [
              -73.55864146146814,
              45.5183035509276
            ],
            [
              -73.55820681707111,
              45.518121001988625
            ],
            [
              -73.55779980062191,
              45.51790947953089
            ],
            [
              -73.55742433191145,
              45.5176710206313
            ],
            [
              -73.55708402690867,
              45.51740792177939
            ],
            [
              -73.55678216293678,
              45.51712271676094
            ],
            [
              -73.55652164711084,
              45.516818152256185
            ],
            [
              -73.55630498834066,
              45.516497161387804
            ],
            [
              -73.55613427316865,
              45.51616283547332
            ],
            [
              -73.55601114567523,
              45.515818394254055
            ],
            [
              -73.55593679164546,
              45.51546715488725
            ],
            [
              -73.55591192714931,
              45.5151125
            ],
            [
              -73.55593679164546,
              45.514757845112754
            ],
            [
              -73.55601114567523,
              45.51440660574595
            ],
            [
              -73.55613427316865,
              45.514062164526685
            ],
            [
              -73.55630498834066,
              45.5137278386122
            ],
            [
              -73.55652164711084,
              45.513406847743816
            ],
            [
              -73.55678216293678,
              45.513102283239064
            ],
            [
              -73.55708402690867,
              45.512817078220614
            ],
            [
              -73.55742433191145,
              45.512553979368704
            ],
            [
              -73.55779980062191,
              45.51231552046911
            ],
            [
              -73.55820681707111,
              45.512103998011376
            ],
            [
              -73.55864146146814,
              45.5119214490724
            ],
            [
              -73.55909954794988,
              45.51176963169828
            ],
            [
              -73.55957666489309,
              45.511650007973294
            ],
            [
              -73.56006821740077,
              45.51156372993932
            ],
            [
              -73.56056947155358,
              45.511511628500976
            ],
            [
              -73.5610756,
              45.51149420542361
            ],
            [
              -73.56158172844641,
              45.511511628500976
            ],
            [
              -73.56208298259922,
              45.51156372993932
            ],
            [
              -73.5625745351069,
              45.511650007973294
            ],
            [
              -73.5630516520501,
              45.51176963169828
            ],
            [
              -73.56350973853185,
              45.5119214490724
            ],
            [
              -73.56394438292888,
              45.512103998011376
            ],
            [
              -73.56435139937808,
              45.51231552046911
            ],
            [
              -73.56472686808854,
              45.512553979368704
            ],
            [
              -73.56506717309132,
              45.512817078220614
            ],
            [
              -73.5653690370632,
              45.513102283239064
            ],
            [
              -73.56562955288915,
              45.513406847743816
            ],
            [
              -73.56584621165933,
              45.5137278386122
            ],
            [
              -73.56601692683134,
              45.514062164526685
            ],
            [
              -73.56614005432476,
              45.51440660574595
            ],
            [
              -73.56621440835453,
              45.514757845112754
            ],
            [
              -73.56623927285068,
              45.5151125
            ],
            [
              -73.56621440835453,
              45.51546715488725
            ],
            [
              -73.56614005432476,
              45.515818394254055
            ],
            [
              -73.56601692683134,
              45.51616283547332
            ],
            [
              -73.56584621165933,
              45.516497161387804
            ],
            [
              -73.56562955288915,
              45.516818152256185
            ],
            [
              -73.5653690370632,
              45.51712271676094
            ],
            [
              -73.56506717309132,
              45.51740792177939
            ],
            [
              -73.56472686808854,
              45.5176710206313
            ],
            [
              -73.56435139937808,
              45.51790947953089
            ],
            [
              -73.56394438292888,
              45.518121001988625
            ],
            [
              -73.56350973853185,
              45.5183035509276
            ],
            [
              -73.5630516520501,
              45.51845536830172
            ],
            [
              -73.5625745351069,
              45.51857499202671
            ],
            [
              -73.56208298259922,
              45.51866127006068
            ],
            [
              -73.56158172844641,
              45.518713371499025
            ],
            [
              -73.5610756,
              45.51873079457639
            ]
          ]
        ]
      },
      "properties": {
        "name": "Berri-UQAM",
        "system": "Metro",
        "zone": "A",
        "featureType": "hidingZone",
        "radiusMiles": 0.25,
        "lines": [
          "Green",
          "Orange",
          "Yellow"
        ]
      }
    },
    {
      "type": "Feature",
      "geometry": {
        "type": "Point",
        "coordinates": [
          -73.5331259,
          45.5124469
        ]
      },
      "properties": {
        "name": "Jean-Drapeau",
        "system": "Metro",
        "zone": "A",
        "featureType": "station",
        "lines": [
          "Yellow"
        ]
      }
    },
    {
      "type": "Feature",
      "geometry": {
        "type": "Polygon",
        "coordinates": [
          [
            [
              -73.5331259,
              45.51606519457639
            ],
            [
              -73.532619795526,
              45.516047771499025
            ],
            [
              -73.53211856511476,
              45.51599567006068
            ],
            [
              -73.53162703588913,
              45.51590939202671
            ],
            [
              -73.53114994154424,
              45.51578976830172
            ],
            [
              -73.53069187675945,
              45.5156379509276
            ],
            [
              -73.53025725294904,
              45.515455401988625
            ],
            [
              -73.5298502557779,
              45.51524387953089
            ],
            [
              -73.52947480485126,
              45.5150054206313
            ],
            [
              -73.52913451596679,
              45.51474232177939
            ],
            [
              -73.52883266629249,
              45.51445711676094
            ],
            [
              -73.5285721628057,
              45.514152552256185
            ],
            [
              -73.52835551429742,
              45.5138315613878
            ],
            [
              -73.5281848072112,
              45.51349723547332
            ],
            [
              -73.52806168554963,
              45.513152794254054
            ],
            [
              -73.5279873350416,
              45.51280155488725
            ],
            [
              -73.52796247172313,
              45.5124469
            ],
            [
              -73.5279873350416,
              45.512092245112754
            ],
            [
              -73.52806168554963,
              45.51174100574595
            ],
            [
              -73.5281848072112,
              45.511396564526684
            ],
            [
              -73.52835551429742,
              45.5110622386122
            ],
            [
              -73.5285721628057,
              45.510741247743816
            ],
            [
              -73.52883266629249,
              45.510436683239064
            ],
            [
              -73.52913451596679,
              45.510151478220614
            ],
            [
              -73.52947480485126,
              45.509888379368704
            ],
            [
              -73.5298502557779,
              45.50964992046911
            ],
            [
              -73.53025725294904,
              45.509438398011376
            ],
            [
              -73.53069187675945,
              45.5092558490724
            ],
            [
              -73.53114994154424,
              45.50910403169828
            ],
            [
              -73.53162703588913,
              45.508984407973294
            ],
            [
              -73.53211856511476,
              45.50889812993932
            ],
            [
              -73.532619795526,
              45.508846028500976
            ],
            [
              -73.5331259,
              45.50882860542361
            ],
            [
              -73.533632004474,
              45.508846028500976
            ],
            [
              -73.53413323488525,
              45.50889812993932
            ],
            [
              -73.53462476411087,
              45.508984407973294
            ],
            [
              -73.53510185845576,
              45.50910403169828
            ],
            [
              -73.53555992324056,
              45.5092558490724
            ],
            [
              -73.53599454705096,
              45.509438398011376
            ],
            [
              -73.5364015442221,
              45.50964992046911
            ],
            [
              -73.53677699514874,
              45.509888379368704
            ],
            [
              -73.53711728403322,
              45.510151478220614
            ],
            [
              -73.53741913370752,
              45.510436683239064
            ],
            [
              -73.5376796371943,
              45.510741247743816
            ],
            [
              -73.53789628570259,
              45.5110622386122
            ],
            [
              -73.5380669927888,
              45.511396564526684
            ],
            [
              -73.53819011445037,
              45.51174100574595
            ],
            [
              -73.5382644649584,
              45.512092245112754
            ],
            [
              -73.53828932827687,
              45.5124469
            ],
            [
              -73.5382644649584,
              45.51280155488725
            ],
            [
              -73.53819011445037,
              45.513152794254054
            ],
            [
              -73.5380669927888,
              45.51349723547332
            ],
            [
              -73.53789628570259,
              45.5138315613878
            ],
            [
              -73.5376796371943,
              45.514152552256185
            ],
            [
              -73.53741913370752,
              45.51445711676094
            ],
            [
              -73.53711728403322,
              45.51474232177939
            ],
            [
              -73.53677699514874,
              45.5150054206313
            ],
            [
              -73.5364015442221,
              45.51524387953089
            ],
            [
              -73.53599454705096,
              45.515455401988625
            ],
            [
              -73.53555992324056,
              45.5156379509276
            ],
            [
              -73.53510185845576,
              45.51578976830172
            ],
            [
              -73.53462476411087,
              45.51590939202671
            ],
            [
              -73.53413323488525,
              45.51599567006068
            ],
            [
              -73.533632004474,
              45.516047771499025
            ],
            [
              -73.5331259,
              45.51606519457639
            ]
          ]
        ]
      },
      "properties": {
        "name": "Jean-Drapeau",
        "system": "Metro",
        "zone": "A",
        "featureType": "hidingZone",
        "radiusMiles": 0.25,
        "lines": [
          "Yellow"
        ]
      }
    },
    {
      "type": "Feature",
      "geometry": {
        "type": "Point",
        "coordinates": [
          -73.6197555,
          45.4797551
        ]
      },
      "properties": {
        "name": "Villa-Maria",
        "system": "Metro",
        "zone": "A",
        "featureType": "station",
        "lines": [
          "Orange"
        ]
      }
    },
    {
      "type": "Feature",
      "geometry": {
        "type": "Polygon",
        "coordinates": [
          [
            [
              -73.6197555,
              45.48337339457639
            ],
            [
              -73.61924968925815,
              45.48335597149902
            ],
            [
              -73.61874874975025,
              45.48330387006068
            ],
            [
              -73.6182575057976,
              45.483217592026705
            ],
            [
              -73.617780688348,
              45.48309796830172
            ],
            [
              -73.61732288941417,
              45.482946150927596
            ],
            [
              -73.61688851785006,
              45.48276360198862
            ],
            [
              -73.61648175689132,
              45.48255207953089
            ],
            [
              -73.61610652386832,
              45.482313620631295
            ],
            [
              -73.6157664324802,
              45.482050521779385
            ],
            [
              -73.61546475799295,
              45.481765316760935
            ],
            [
              -73.61520440569677,
              45.48146075225618
            ],
            [
              -73.61498788292663,
              45.4811397613878
            ],
            [
              -73.61481727491514,
              45.480805435473314
            ],
            [
              -73.61469422471073,
              45.48046099425405
            ],
            [
              -73.61461991735413,
              45.480109754887245
            ],
            [
              -73.6145950684658,
              45.4797551
            ],
            [
              -73.61461991735413,
              45.47940044511275
            ],
            [
              -73.61469422471073,
              45.479049205745945
            ],
            [
              -73.61481727491514,
              45.47870476452668
            ],
            [
              -73.61498788292663,
              45.478370438612195
            ],
            [
              -73.61520440569677,
              45.478049447743814
            ],
            [
              -73.61546475799295,
              45.47774488323906
            ],
            [
              -73.6157664324802,
              45.47745967822061
            ],
            [
              -73.61610652386832,
              45.4771965793687
            ],
            [
              -73.61648175689132,
              45.47695812046911
            ],
            [
              -73.61688851785006,
              45.476746598011374
            ],
            [
              -73.61732288941417,
              45.4765640490724
            ],
            [
              -73.617780688348,
              45.476412231698276
            ],
            [
              -73.6182575057976,
              45.47629260797329
            ],
            [
              -73.61874874975025,
              45.476206329939316
            ],
            [
              -73.61924968925815,
              45.476154228500974
            ],
            [
              -73.6197555,
              45.47613680542361
            ],
            [
              -73.62026131074184,
              45.476154228500974
            ],
            [
              -73.62076225024974,
              45.476206329939316
            ],
            [
              -73.62125349420239,
              45.47629260797329
            ],
            [
              -73.62173031165199,
              45.476412231698276
            ],
            [
              -73.62218811058582,
              45.4765640490724
            ],
            [
              -73.62262248214994,
              45.476746598011374
            ],
            [
              -73.62302924310868,
              45.47695812046911
            ],
            [
              -73.62340447613167,
              45.4771965793687
            ],
            [
              -73.6237445675198,
              45.47745967822061
            ],
            [
              -73.62404624200704,
              45.47774488323906
            ],
            [
              -73.62430659430322,
              45.478049447743814
            ],
            [
              -73.62452311707337,
              45.478370438612195
            ],
            [
              -73.62469372508485,
              45.47870476452668
            ],
            [
              -73.62481677528926,
              45.479049205745945
            ],
            [
              -73.62489108264586,
              45.47940044511275
            ],
            [
              -73.62491593153419,
              45.4797551
            ],
            [
              -73.62489108264586,
              45.480109754887245
            ],
            [
              -73.62481677528926,
              45.48046099425405
            ],
            [
              -73.62469372508485,
              45.480805435473314
            ],
            [
              -73.62452311707337,
              45.4811397613878
            ],
            [
              -73.62430659430322,
              45.48146075225618
            ],
            [
              -73.62404624200704,
              45.481765316760935
            ],
            [
              -73.6237445675198,
              45.482050521779385
            ],
            [
              -73.62340447613167,
              45.482313620631295
            ],
            [
              -73.62302924310868,
              45.48255207953089
            ],
            [
              -73.62262248214994,
              45.48276360198862
            ],
            [
              -73.62218811058582,
              45.482946150927596
            ],
            [
              -73.62173031165199,
              45.48309796830172
            ],
            [
              -73.62125349420239,
              45.483217592026705
            ],
            [
              -73.62076225024974,
              45.48330387006068
            ],
            [
              -73.62026131074184,
              45.48335597149902
            ],
            [
              -73.6197555,
              45.48337339457639
            ]
          ]
        ]
      },
      "properties": {
        "name": "Villa-Maria",
        "system": "Metro",
        "zone": "A",
        "featureType": "hidingZone",
        "radiusMiles": 0.25,
        "lines": [
          "Orange"
        ]
      }
    },
    {
      "type": "Feature",
      "geometry": {
        "type": "Point",
        "coordinates": [
          -73.6283531,
          45.4856705
        ]
      },
      "properties": {
        "name": "Snowdon",
        "system": "Metro",
        "zone": "A",
        "featureType": "station",
        "lines": [
          "Orange",
          "Blue"
        ]
      }
    },
    {
      "type": "Feature",
      "geometry": {
        "type": "Polygon",
        "coordinates": [
          [
            [
              -73.6283531,
              45.48928879457639
            ],
            [
              -73.62784723614642,
              45.48927137149902
            ],
            [
              -73.62734624403828,
              45.48921927006068
            ],
            [
              -73.62685494850345,
              45.489132992026704
            ],
            [
              -73.62637808098651,
              45.48901336830172
            ],
            [
              -73.62592023398233,
              45.488861550927595
            ],
            [
              -73.62548581680784,
              45.48867900198862
            ],
            [
              -73.6250790131379,
              45.48846747953089
            ],
            [
              -73.62470374071424,
              45.488229020631294
            ],
            [
              -73.62436361361544,
              45.487965921779384
            ],
            [
              -73.62406190745142,
              45.487680716760934
            ],
            [
              -73.62380152781743,
              45.48737615225618
            ],
            [
              -73.6235849823117,
              45.4870551613878
            ],
            [
              -73.62341435638584,
              45.486720835473314
            ],
            [
              -73.62329129326076,
              45.48637639425405
            ],
            [
              -73.62321697810165,
              45.486025154887244
            ],
            [
              -73.62319212660411,
              45.4856705
            ],
            [
              -73.62321697810165,
              45.48531584511275
            ],
            [
              -73.62329129326076,
              45.484964605745944
            ],
            [
              -73.62341435638584,
              45.48462016452668
            ],
            [
              -73.6235849823117,
              45.484285838612195
            ],
            [
              -73.62380152781743,
              45.48396484774381
            ],
            [
              -73.62406190745142,
              45.48366028323906
            ],
            [
              -73.62436361361544,
              45.48337507822061
            ],
            [
              -73.62470374071424,
              45.4831119793687
            ],
            [
              -73.6250790131379,
              45.482873520469106
            ],
            [
              -73.62548581680784,
              45.48266199801137
            ],
            [
              -73.62592023398233,
              45.4824794490724
            ],
            [
              -73.62637808098651,
              45.482327631698276
            ],
            [
              -73.62685494850345,
              45.48220800797329
            ],
            [
              -73.62734624403828,
              45.482121729939315
            ],
            [
              -73.62784723614642,
              45.48206962850097
            ],
            [
              -73.6283531,
              45.48205220542361
            ],
            [
              -73.62885896385357,
              45.48206962850097
            ],
            [
              -73.62935995596172,
              45.482121729939315
            ],
            [
              -73.62985125149655,
              45.48220800797329
            ],
            [
              -73.63032811901348,
              45.482327631698276
            ],
            [
              -73.63078596601767,
              45.4824794490724
            ],
            [
              -73.63122038319216,
              45.48266199801137
            ],
            [
              -73.63162718686209,
              45.482873520469106
            ],
            [
              -73.63200245928576,
              45.4831119793687
            ],
            [
              -73.63234258638455,
              45.48337507822061
            ],
            [
              -73.63264429254858,
              45.48366028323906
            ],
            [
              -73.63290467218256,
              45.48396484774381
            ],
            [
              -73.6331212176883,
              45.484285838612195
            ],
            [
              -73.63329184361416,
              45.48462016452668
            ],
            [
              -73.63341490673923,
              45.484964605745944
            ],
            [
              -73.63348922189834,
              45.48531584511275
            ],
            [
              -73.63351407339589,
              45.4856705
            ],
            [
              -73.63348922189834,
              45.486025154887244
            ],
            [
              -73.63341490673923,
              45.48637639425405
            ],
            [
              -73.63329184361416,
              45.486720835473314
            ],
            [
              -73.6331212176883,
              45.4870551613878
            ],
            [
              -73.63290467218256,
              45.48737615225618
            ],
            [
              -73.63264429254858,
              45.487680716760934
            ],
            [
              -73.63234258638455,
              45.487965921779384
            ],
            [
              -73.63200245928576,
              45.488229020631294
            ],
            [
              -73.63162718686209,
              45.48846747953089
            ],
            [
              -73.63122038319216,
              45.48867900198862
            ],
            [
              -73.63078596601767,
              45.488861550927595
            ],
            [
              -73.63032811901348,
              45.48901336830172
            ],
            [
              -73.62985125149655,
              45.489132992026704
            ],
            [
              -73.62935995596172,
              45.48921927006068
            ],
            [
              -73.62885896385357,
              45.48927137149902
            ],
            [
              -73.6283531,
              45.48928879457639
            ]
          ]
        ]
      },
      "properties": {
        "name": "Snowdon",
        "system": "Metro",
        "zone": "A",
        "featureType": "hidingZone",
        "radiusMiles": 0.25,
        "lines": [
          "Orange",
          "Blue"
        ]
      }
    },
    {
      "type": "Feature",
      "geometry": {
        "type": "Point",
        "coordinates": [
          -73.5473091,
          45.5611109
        ]
      },
      "properties": {
        "name": "Viau",
        "system": "Metro",
        "zone": "A",
        "featureType": "station",
        "lines": [
          "Green"
        ]
      }
    },
    {
      "type": "Feature",
      "geometry": {
        "type": "Polygon",
        "coordinates": [
          [
            [
              -73.5473091,
              45.564729194576394
            ],
            [
              -73.54680255734733,
              45.56471177149903
            ],
            [
              -73.54630089297731,
              45.564659670060685
            ],
            [
              -73.54580893819207,
              45.56457339202671
            ],
            [
              -73.5453314307851,
              45.564453768301725
            ],
            [
              -73.54487296941376,
              45.5643019509276
            ],
            [
              -73.54443796931172,
              45.56411940198863
            ],
            [
              -73.5440306197677,
              45.563907879530895
            ],
            [
              -73.54365484378053,
              45.5636694206313
            ],
            [
              -73.54331426027838,
              45.56340632177939
            ],
            [
              -73.54301214926653,
              45.56312111676094
            ],
            [
              -73.54275142023921,
              45.56281655225619
            ],
            [
              -73.54253458415947,
              45.562495561387806
            ],
            [
              -73.54236372927728,
              45.56216123547332
            ],
            [
              -73.54224050101858,
              45.56181679425406
            ],
            [
              -73.54216608613883,
              45.56146555488725
            ],
            [
              -73.54214120129403,
              45.5611109
            ],
            [
              -73.54216608613883,
              45.560756245112756
            ],
            [
              -73.54224050101858,
              45.56040500574595
            ],
            [
              -73.54236372927728,
              45.56006056452669
            ],
            [
              -73.54253458415947,
              45.5597262386122
            ],
            [
              -73.54275142023921,
              45.55940524774382
            ],
            [
              -73.54301214926653,
              45.559100683239066
            ],
            [
              -73.54331426027838,
              45.558815478220616
            ],
            [
              -73.54365484378053,
              45.558552379368706
            ],
            [
              -73.5440306197677,
              45.55831392046911
            ],
            [
              -73.54443796931172,
              45.55810239801138
            ],
            [
              -73.54487296941376,
              45.557919849072405
            ],
            [
              -73.5453314307851,
              45.55776803169828
            ],
            [
              -73.54580893819207,
              45.557648407973296
            ],
            [
              -73.54630089297731,
              45.55756212993932
            ],
            [
              -73.54680255734733,
              45.55751002850098
            ],
            [
              -73.5473091,
              45.55749260542361
            ],
            [
              -73.54781564265268,
              45.55751002850098
            ],
            [
              -73.5483173070227,
              45.55756212993932
            ],
            [
              -73.54880926180795,
              45.557648407973296
            ],
            [
              -73.54928676921492,
              45.55776803169828
            ],
            [
              -73.54974523058625,
              45.557919849072405
            ],
            [
              -73.5501802306883,
              45.55810239801138
            ],
            [
              -73.55058758023232,
              45.55831392046911
            ],
            [
              -73.55096335621948,
              45.558552379368706
            ],
            [
              -73.55130393972163,
              45.558815478220616
            ],
            [
              -73.55160605073348,
              45.559100683239066
            ],
            [
              -73.5518667797608,
              45.55940524774382
            ],
            [
              -73.55208361584054,
              45.5597262386122
            ],
            [
              -73.55225447072273,
              45.56006056452669
            ],
            [
              -73.55237769898143,
              45.56040500574595
            ],
            [
              -73.55245211386118,
              45.560756245112756
            ],
            [
              -73.55247699870598,
              45.5611109
            ],
            [
              -73.55245211386118,
              45.56146555488725
            ],
            [
              -73.55237769898143,
              45.56181679425406
            ],
            [
              -73.55225447072273,
              45.56216123547332
            ],
            [
              -73.55208361584054,
              45.562495561387806
            ],
            [
              -73.5518667797608,
              45.56281655225619
            ],
            [
              -73.55160605073348,
              45.56312111676094
            ],
            [
              -73.55130393972163,
              45.56340632177939
            ],
            [
              -73.55096335621948,
              45.5636694206313
            ],
            [
              -73.55058758023232,
              45.563907879530895
            ],
            [
              -73.5501802306883,
              45.56411940198863
            ],
            [
              -73.54974523058625,
              45.5643019509276
            ],
            [
              -73.54928676921492,
              45.564453768301725
            ],
            [
              -73.54880926180795,
              45.56457339202671
            ],
            [
              -73.5483173070227,
              45.564659670060685
            ],
            [
              -73.54781564265268,
              45.56471177149903
            ],
            [
              -73.5473091,
              45.564729194576394
            ]
          ]
        ]
      },
      "properties": {
        "name": "Viau",
        "system": "Metro",
        "zone": "A",
        "featureType": "hidingZone",
        "radiusMiles": 0.25,
        "lines": [
          "Green"
        ]
      }
    },
    {
      "type": "Feature",
      "geometry": {
        "type": "Point",
        "coordinates": [
          -73.5932019,
          45.4510439
        ]
      },
      "properties": {
        "name": "Monk",
        "system": "Metro",
        "zone": "A",
        "featureType": "station",
        "lines": [
          "Green"
        ]
      }
    },
    {
      "type": "Feature",
      "geometry": {
        "type": "Polygon",
        "coordinates": [
          [
            [
              -73.5932019,
              45.45466219457639
            ],
            [
              -73.59269634680831,
              45.45464477149903
            ],
            [
              -73.59219566237023,
              45.454592670060684
            ],
            [
              -73.59170466855059,
              45.45450639202671
            ],
            [
              -73.59122809388828,
              45.454386768301724
            ],
            [
              -73.5907705280578,
              45.4542349509276
            ],
            [
              -73.59033637766827,
              45.454052401988626
            ],
            [
              -73.58992982382523,
              45.453840879530894
            ],
            [
              -73.58955478186445,
              45.4536024206313
            ],
            [
              -73.58921486364505,
              45.45333932177939
            ],
            [
              -73.58891334276528,
              45.45305411676094
            ],
            [
              -73.58865312303604,
              45.452749552256186
            ],
            [
              -73.58843671051557,
              45.452428561387805
            ],
            [
              -73.58826618937476,
              45.45209423547332
            ],
            [
              -73.5881432018254,
              45.451749794254056
            ],
            [
              -73.58806893230484,
              45.45139855488725
            ],
            [
              -73.58804409606914,
              45.4510439
            ],
            [
              -73.58806893230484,
              45.450689245112756
            ],
            [
              -73.5881432018254,
              45.45033800574595
            ],
            [
              -73.58826618937476,
              45.449993564526686
            ],
            [
              -73.58843671051557,
              45.4496592386122
            ],
            [
              -73.58865312303604,
              45.44933824774382
            ],
            [
              -73.58891334276528,
              45.449033683239065
            ],
            [
              -73.58921486364505,
              45.448748478220615
            ],
            [
              -73.58955478186445,
              45.448485379368705
            ],
            [
              -73.58992982382523,
              45.44824692046911
            ],
            [
              -73.59033637766827,
              45.44803539801138
            ],
            [
              -73.5907705280578,
              45.447852849072405
            ],
            [
              -73.59122809388828,
              45.44770103169828
            ],
            [
              -73.59170466855059,
              45.447581407973296
            ],
            [
              -73.59219566237023,
              45.44749512993932
            ],
            [
              -73.59269634680831,
              45.44744302850098
            ],
            [
              -73.5932019,
              45.44742560542361
            ],
            [
              -73.59370745319168,
              45.44744302850098
            ],
            [
              -73.59420813762976,
              45.44749512993932
            ],
            [
              -73.5946991314494,
              45.447581407973296
            ],
            [
              -73.59517570611172,
              45.44770103169828
            ],
            [
              -73.59563327194219,
              45.447852849072405
            ],
            [
              -73.59606742233173,
              45.44803539801138
            ],
            [
              -73.59647397617476,
              45.44824692046911
            ],
            [
              -73.59684901813554,
              45.448485379368705
            ],
            [
              -73.59718893635494,
              45.448748478220615
            ],
            [
              -73.59749045723471,
              45.449033683239065
            ],
            [
              -73.59775067696395,
              45.44933824774382
            ],
            [
              -73.59796708948443,
              45.4496592386122
            ],
            [
              -73.59813761062523,
              45.449993564526686
            ],
            [
              -73.59826059817459,
              45.45033800574595
            ],
            [
              -73.59833486769516,
              45.450689245112756
            ],
            [
              -73.59835970393085,
              45.4510439
            ],
            [
              -73.59833486769516,
              45.45139855488725
            ],
            [
              -73.59826059817459,
              45.451749794254056
            ],
            [
              -73.59813761062523,
              45.45209423547332
            ],
            [
              -73.59796708948443,
              45.452428561387805
            ],
            [
              -73.59775067696395,
              45.452749552256186
            ],
            [
              -73.59749045723471,
              45.45305411676094
            ],
            [
              -73.59718893635494,
              45.45333932177939
            ],
            [
              -73.59684901813554,
              45.4536024206313
            ],
            [
              -73.59647397617476,
              45.453840879530894
            ],
            [
              -73.59606742233173,
              45.454052401988626
            ],
            [
              -73.59563327194219,
              45.4542349509276
            ],
            [
              -73.59517570611172,
              45.454386768301724
            ],
            [
              -73.5946991314494,
              45.45450639202671
            ],
            [
              -73.59420813762976,
              45.454592670060684
            ],
            [
              -73.59370745319168,
              45.45464477149903
            ],
            [
              -73.5932019,
              45.45466219457639
            ]
          ]
        ]
      },
      "properties": {
        "name": "Monk",
        "system": "Metro",
        "zone": "A",
        "featureType": "hidingZone",
        "radiusMiles": 0.25,
        "lines": [
          "Green"
        ]
      }
    },
    {
      "type": "Feature",
      "geometry": {
        "type": "Point",
        "coordinates": [
          -73.5670231,
          45.4627596
        ]
      },
      "properties": {
        "name": "De l'Église",
        "system": "Metro",
        "zone": "A",
        "featureType": "station",
        "lines": [
          "Green"
        ]
      }
    },
    {
      "type": "Feature",
      "geometry": {
        "type": "Polygon",
        "coordinates": [
          [
            [
              -73.5670231,
              45.46637789457639
            ],
            [
              -73.56651744176114,
              45.46636047149902
            ],
            [
              -73.56601665328753,
              45.46630837006068
            ],
            [
              -73.56552555744597,
              45.466222092026705
            ],
            [
              -73.56504888375781,
              45.46610246830172
            ],
            [
              -73.5645912228513,
              45.465950650927596
            ],
            [
              -73.56415698225112,
              45.46576810198862
            ],
            [
              -73.56375034393166,
              45.46555657953089
            ],
            [
              -73.56337522404219,
              45.465318120631295
            ],
            [
              -73.56303523519233,
              45.465055021779385
            ],
            [
              -73.56273365166055,
              45.464769816760935
            ],
            [
              -73.56247337786114,
              45.46446525225618
            ],
            [
              -73.56225692037306,
              45.4641442613878
            ],
            [
              -73.56208636380025,
              45.463809935473314
            ],
            [
              -73.56196335069572,
              45.46346549425405
            ],
            [
              -73.56188906574295,
              45.463114254887245
            ],
            [
              -73.5618642243466,
              45.4627596
            ],
            [
              -73.56188906574295,
              45.46240494511275
            ],
            [
              -73.56196335069572,
              45.462053705745944
            ],
            [
              -73.56208636380025,
              45.46170926452668
            ],
            [
              -73.56225692037306,
              45.461374938612195
            ],
            [
              -73.56247337786114,
              45.461053947743814
            ],
            [
              -73.56273365166055,
              45.46074938323906
            ],
            [
              -73.56303523519233,
              45.46046417822061
            ],
            [
              -73.56337522404219,
              45.4602010793687
            ],
            [
              -73.56375034393166,
              45.459962620469106
            ],
            [
              -73.56415698225112,
              45.459751098011374
            ],
            [
              -73.5645912228513,
              45.4595685490724
            ],
            [
              -73.56504888375781,
              45.459416731698276
            ],
            [
              -73.56552555744597,
              45.45929710797329
            ],
            [
              -73.56601665328753,
              45.459210829939316
            ],
            [
              -73.56651744176114,
              45.459158728500974
            ],
            [
              -73.5670231,
              45.45914130542361
            ],
            [
              -73.56752875823886,
              45.459158728500974
            ],
            [
              -73.56802954671247,
              45.459210829939316
            ],
            [
              -73.56852064255403,
              45.45929710797329
            ],
            [
              -73.56899731624219,
              45.459416731698276
            ],
            [
              -73.5694549771487,
              45.4595685490724
            ],
            [
              -73.56988921774888,
              45.459751098011374
            ],
            [
              -73.57029585606834,
              45.459962620469106
            ],
            [
              -73.57067097595781,
              45.4602010793687
            ],
            [
              -73.57101096480767,
              45.46046417822061
            ],
            [
              -73.57131254833945,
              45.46074938323906
            ],
            [
              -73.57157282213886,
              45.461053947743814
            ],
            [
              -73.57178927962694,
              45.461374938612195
            ],
            [
              -73.57195983619975,
              45.46170926452668
            ],
            [
              -73.57208284930428,
              45.462053705745944
            ],
            [
              -73.57215713425705,
              45.46240494511275
            ],
            [
              -73.5721819756534,
              45.4627596
            ],
            [
              -73.57215713425705,
              45.463114254887245
            ],
            [
              -73.57208284930428,
              45.46346549425405
            ],
            [
              -73.57195983619975,
              45.463809935473314
            ],
            [
              -73.57178927962694,
              45.4641442613878
            ],
            [
              -73.57157282213886,
              45.46446525225618
            ],
            [
              -73.57131254833945,
              45.464769816760935
            ],
            [
              -73.57101096480767,
              45.465055021779385
            ],
            [
              -73.57067097595781,
              45.465318120631295
            ],
            [
              -73.57029585606834,
              45.46555657953089
            ],
            [
              -73.56988921774888,
              45.46576810198862
            ],
            [
              -73.5694549771487,
              45.465950650927596
            ],
            [
              -73.56899731624219,
              45.46610246830172
            ],
            [
              -73.56852064255403,
              45.466222092026705
            ],
            [
              -73.56802954671247,
              45.46630837006068
            ],
            [
              -73.56752875823886,
              45.46636047149902
            ],
            [
              -73.5670231,
              45.46637789457639
            ]
          ]
        ]
      },
      "properties": {
        "name": "De l'Église",
        "system": "Metro",
        "zone": "A",
        "featureType": "hidingZone",
        "radiusMiles": 0.25,
        "lines": [
          "Green"
        ]
      }
    },
    {
      "type": "Feature",
      "geometry": {
        "type": "Point",
        "coordinates": [
          -73.5693705,
          45.4782496
        ]
      },
      "properties": {
        "name": "Charlevoix",
        "system": "Metro",
        "zone": "A",
        "featureType": "station",
        "lines": [
          "Green"
        ]
      }
    },
    {
      "type": "Feature",
      "geometry": {
        "type": "Polygon",
        "coordinates": [
          [
            [
              -73.5693705,
              45.48186789457639
            ],
            [
              -73.56886470277273,
              45.48185047149902
            ],
            [
              -73.56836377664925,
              45.48179837006068
            ],
            [
              -73.56787254582197,
              45.481712092026704
            ],
            [
              -73.56739574111228,
              45.48159246830172
            ],
            [
              -73.5669379544102,
              45.481440650927595
            ],
            [
              -73.56650359445192,
              45.48125810198862
            ],
            [
              -73.56609684436127,
              45.48104657953089
            ],
            [
              -73.56572162136398,
              45.480808120631295
            ],
            [
              -73.56538153906264,
              45.480545021779385
            ],
            [
              -73.5650798726357,
              45.480259816760935
            ],
            [
              -73.5648195272958,
              45.47995525225618
            ],
            [
              -73.56460301031085,
              45.4796342613878
            ],
            [
              -73.56443240685778,
              45.479299935473314
            ],
            [
              -73.56430935994109,
              45.47895549425405
            ],
            [
              -73.56423505456988,
              45.478604254887244
            ],
            [
              -73.56421020634548,
              45.4782496
            ],
            [
              -73.56423505456988,
              45.47789494511275
            ],
            [
              -73.56430935994109,
              45.477543705745944
            ],
            [
              -73.56443240685778,
              45.47719926452668
            ],
            [
              -73.56460301031085,
              45.476864938612195
            ],
            [
              -73.5648195272958,
              45.476543947743814
            ],
            [
              -73.5650798726357,
              45.47623938323906
            ],
            [
              -73.56538153906264,
              45.47595417822061
            ],
            [
              -73.56572162136398,
              45.4756910793687
            ],
            [
              -73.56609684436127,
              45.475452620469106
            ],
            [
              -73.56650359445192,
              45.475241098011374
            ],
            [
              -73.5669379544102,
              45.4750585490724
            ],
            [
              -73.56739574111228,
              45.474906731698276
            ],
            [
              -73.56787254582197,
              45.47478710797329
            ],
            [
              -73.56836377664925,
              45.474700829939316
            ],
            [
              -73.56886470277273,
              45.47464872850097
            ],
            [
              -73.5693705,
              45.47463130542361
            ],
            [
              -73.56987629722728,
              45.47464872850097
            ],
            [
              -73.57037722335076,
              45.474700829939316
            ],
            [
              -73.57086845417804,
              45.47478710797329
            ],
            [
              -73.57134525888773,
              45.474906731698276
            ],
            [
              -73.57180304558982,
              45.4750585490724
            ],
            [
              -73.5722374055481,
              45.475241098011374
            ],
            [
              -73.57264415563874,
              45.475452620469106
            ],
            [
              -73.57301937863603,
              45.4756910793687
            ],
            [
              -73.57335946093737,
              45.47595417822061
            ],
            [
              -73.5736611273643,
              45.47623938323906
            ],
            [
              -73.57392147270421,
              45.476543947743814
            ],
            [
              -73.57413798968916,
              45.476864938612195
            ],
            [
              -73.57430859314223,
              45.47719926452668
            ],
            [
              -73.57443164005892,
              45.477543705745944
            ],
            [
              -73.57450594543013,
              45.47789494511275
            ],
            [
              -73.57453079365453,
              45.4782496
            ],
            [
              -73.57450594543013,
              45.478604254887244
            ],
            [
              -73.57443164005892,
              45.47895549425405
            ],
            [
              -73.57430859314223,
              45.479299935473314
            ],
            [
              -73.57413798968916,
              45.4796342613878
            ],
            [
              -73.57392147270421,
              45.47995525225618
            ],
            [
              -73.5736611273643,
              45.480259816760935
            ],
            [
              -73.57335946093737,
              45.480545021779385
            ],
            [
              -73.57301937863603,
              45.480808120631295
            ],
            [
              -73.57264415563874,
              45.48104657953089
            ],
            [
              -73.5722374055481,
              45.48125810198862
            ],
            [
              -73.57180304558982,
              45.481440650927595
            ],
            [
              -73.57134525888773,
              45.48159246830172
            ],
            [
              -73.57086845417804,
              45.481712092026704
            ],
            [
              -73.57037722335076,
              45.48179837006068
            ],
            [
              -73.56987629722728,
              45.48185047149902
            ],
            [
              -73.5693705,
              45.48186789457639
            ]
          ]
        ]
      },
      "properties": {
        "name": "Charlevoix",
        "system": "Metro",
        "zone": "A",
        "featureType": "hidingZone",
        "radiusMiles": 0.25,
        "lines": [
          "Green"
        ]
      }
    },
    {
      "type": "Feature",
      "geometry": {
        "type": "Point",
        "coordinates": [
          -73.5542369,
          45.5417253
        ]
      },
      "properties": {
        "name": "Préfontaine",
        "system": "Metro",
        "zone": "A",
        "featureType": "station",
        "lines": [
          "Green"
        ]
      }
    },
    {
      "type": "Feature",
      "geometry": {
        "type": "Polygon",
        "coordinates": [
          [
            [
              -73.5542369,
              45.545343594576394
            ],
            [
              -73.55373053203314,
              45.54532617149903
            ],
            [
              -73.55322904066661,
              45.545274070060685
            ],
            [
              -73.5527372555364,
              45.54518779202671
            ],
            [
              -73.55225991280217,
              45.545068168301725
            ],
            [
              -73.55180160953539,
              45.5449163509276
            ],
            [
              -73.55136675944703,
              45.54473380198863
            ],
            [
              -73.5509595503812,
              45.544522279530895
            ],
            [
              -73.55058390398376,
              45.5442838206313
            ],
            [
              -73.55024343793491,
              45.54402072177939
            ],
            [
              -73.54994143110878,
              45.54373551676094
            ],
            [
              -73.54968079199621,
              45.54343095225619
            ],
            [
              -73.54946403069435,
              45.543109961387806
            ],
            [
              -73.54929323473301,
              45.54277563547332
            ],
            [
              -73.54917004897068,
              45.54243119425406
            ],
            [
              -73.54909565975359,
              45.54207995488725
            ],
            [
              -73.54907078349055,
              45.5417253
            ],
            [
              -73.54909565975359,
              45.54137064511276
            ],
            [
              -73.54917004897068,
              45.54101940574595
            ],
            [
              -73.54929323473301,
              45.54067496452669
            ],
            [
              -73.54946403069435,
              45.5403406386122
            ],
            [
              -73.54968079199621,
              45.54001964774382
            ],
            [
              -73.54994143110878,
              45.53971508323907
            ],
            [
              -73.55024343793491,
              45.539429878220616
            ],
            [
              -73.55058390398376,
              45.539166779368706
            ],
            [
              -73.5509595503812,
              45.53892832046911
            ],
            [
              -73.55136675944703,
              45.53871679801138
            ],
            [
              -73.55180160953539,
              45.538534249072406
            ],
            [
              -73.55225991280217,
              45.53838243169828
            ],
            [
              -73.5527372555364,
              45.5382628079733
            ],
            [
              -73.55322904066661,
              45.53817652993932
            ],
            [
              -73.55373053203314,
              45.53812442850098
            ],
            [
              -73.5542369,
              45.53810700542361
            ],
            [
              -73.55474326796687,
              45.53812442850098
            ],
            [
              -73.5552447593334,
              45.53817652993932
            ],
            [
              -73.55573654446361,
              45.5382628079733
            ],
            [
              -73.55621388719784,
              45.53838243169828
            ],
            [
              -73.55667219046462,
              45.538534249072406
            ],
            [
              -73.55710704055298,
              45.53871679801138
            ],
            [
              -73.55751424961882,
              45.53892832046911
            ],
            [
              -73.55788989601625,
              45.539166779368706
            ],
            [
              -73.5582303620651,
              45.539429878220616
            ],
            [
              -73.55853236889124,
              45.53971508323907
            ],
            [
              -73.5587930080038,
              45.54001964774382
            ],
            [
              -73.55900976930566,
              45.5403406386122
            ],
            [
              -73.559180565267,
              45.54067496452669
            ],
            [
              -73.55930375102933,
              45.54101940574595
            ],
            [
              -73.55937814024642,
              45.54137064511276
            ],
            [
              -73.55940301650946,
              45.5417253
            ],
            [
              -73.55937814024642,
              45.54207995488725
            ],
            [
              -73.55930375102933,
              45.54243119425406
            ],
            [
              -73.559180565267,
              45.54277563547332
            ],
            [
              -73.55900976930566,
              45.543109961387806
            ],
            [
              -73.5587930080038,
              45.54343095225619
            ],
            [
              -73.55853236889124,
              45.54373551676094
            ],
            [
              -73.5582303620651,
              45.54402072177939
            ],
            [
              -73.55788989601625,
              45.5442838206313
            ],
            [
              -73.55751424961882,
              45.544522279530895
            ],
            [
              -73.55710704055298,
              45.54473380198863
            ],
            [
              -73.55667219046462,
              45.5449163509276
            ],
            [
              -73.55621388719784,
              45.545068168301725
            ],
            [
              -73.55573654446361,
              45.54518779202671
            ],
            [
              -73.5552447593334,
              45.545274070060685
            ],
            [
              -73.55474326796687,
              45.54532617149903
            ],
            [
              -73.5542369,
              45.545343594576394
            ]
          ]
        ]
      },
      "properties": {
        "name": "Préfontaine",
        "system": "Metro",
        "zone": "A",
        "featureType": "hidingZone",
        "radiusMiles": 0.25,
        "lines": [
          "Green"
        ]
      }
    },
    {
      "type": "Feature",
      "geometry": {
        "type": "Point",
        "coordinates": [
          -73.5715689,
          45.5040858
        ]
      },
      "properties": {
        "name": "McGill",
        "system": "Metro",
        "zone": "A",
        "featureType": "station",
        "lines": [
          "Green"
        ]
      }
    },
    {
      "type": "Feature",
      "geometry": {
        "type": "Polygon",
        "coordinates": [
          [
            [
              -73.5715689,
              45.50770409457639
            ],
            [
              -73.57106287069769,
              45.50768667149902
            ],
            [
              -73.5705617147342,
              45.50763457006068
            ],
            [
              -73.57007025851539,
              45.507548292026705
            ],
            [
              -73.56959323503331,
              45.50742866830172
            ],
            [
              -73.56913523828487,
              45.507276850927596
            ],
            [
              -73.56870067902913,
              45.50709430198862
            ],
            [
              -73.56829374230927,
              45.50688277953089
            ],
            [
              -73.56791834714835,
              45.506644320631295
            ],
            [
              -73.56757810880698,
              45.506381221779385
            ],
            [
              -73.5672763039664,
              45.506096016760935
            ],
            [
              -73.56701583917219,
              45.50579145225618
            ],
            [
              -73.5667992228427,
              45.5054704613878
            ],
            [
              -73.56662854111161,
              45.505136135473315
            ],
            [
              -73.5665054377373,
              45.50479169425405
            ],
            [
              -73.56643109827255,
              45.504440454887245
            ],
            [
              -73.56640623864703,
              45.5040858
            ],
            [
              -73.56643109827255,
              45.50373114511275
            ],
            [
              -73.5665054377373,
              45.503379905745945
            ],
            [
              -73.56662854111161,
              45.50303546452668
            ],
            [
              -73.5667992228427,
              45.502701138612196
            ],
            [
              -73.56701583917219,
              45.502380147743814
            ],
            [
              -73.5672763039664,
              45.50207558323906
            ],
            [
              -73.56757810880698,
              45.50179037822061
            ],
            [
              -73.56791834714835,
              45.5015272793687
            ],
            [
              -73.56829374230927,
              45.50128882046911
            ],
            [
              -73.56870067902913,
              45.501077298011374
            ],
            [
              -73.56913523828487,
              45.5008947490724
            ],
            [
              -73.56959323503331,
              45.50074293169828
            ],
            [
              -73.57007025851539,
              45.50062330797329
            ],
            [
              -73.5705617147342,
              45.500537029939316
            ],
            [
              -73.57106287069769,
              45.500484928500974
            ],
            [
              -73.5715689,
              45.50046750542361
            ],
            [
              -73.57207492930232,
              45.500484928500974
            ],
            [
              -73.57257608526581,
              45.500537029939316
            ],
            [
              -73.57306754148462,
              45.50062330797329
            ],
            [
              -73.5735445649667,
              45.50074293169828
            ],
            [
              -73.57400256171513,
              45.5008947490724
            ],
            [
              -73.57443712097087,
              45.501077298011374
            ],
            [
              -73.57484405769074,
              45.50128882046911
            ],
            [
              -73.57521945285166,
              45.5015272793687
            ],
            [
              -73.57555969119302,
              45.50179037822061
            ],
            [
              -73.57586149603361,
              45.50207558323906
            ],
            [
              -73.57612196082782,
              45.502380147743814
            ],
            [
              -73.5763385771573,
              45.502701138612196
            ],
            [
              -73.5765092588884,
              45.50303546452668
            ],
            [
              -73.5766323622627,
              45.503379905745945
            ],
            [
              -73.57670670172746,
              45.50373114511275
            ],
            [
              -73.57673156135297,
              45.5040858
            ],
            [
              -73.57670670172746,
              45.504440454887245
            ],
            [
              -73.5766323622627,
              45.50479169425405
            ],
            [
              -73.5765092588884,
              45.505136135473315
            ],
            [
              -73.5763385771573,
              45.5054704613878
            ],
            [
              -73.57612196082782,
              45.50579145225618
            ],
            [
              -73.57586149603361,
              45.506096016760935
            ],
            [
              -73.57555969119302,
              45.506381221779385
            ],
            [
              -73.57521945285166,
              45.506644320631295
            ],
            [
              -73.57484405769074,
              45.50688277953089
            ],
            [
              -73.57443712097087,
              45.50709430198862
            ],
            [
              -73.57400256171513,
              45.507276850927596
            ],
            [
              -73.5735445649667,
              45.50742866830172
            ],
            [
              -73.57306754148462,
              45.507548292026705
            ],
            [
              -73.57257608526581,
              45.50763457006068
            ],
            [
              -73.57207492930232,
              45.50768667149902
            ],
            [
              -73.5715689,
              45.50770409457639
            ]
          ]
        ]
      },
      "properties": {
        "name": "McGill",
        "system": "Metro",
        "zone": "A",
        "featureType": "hidingZone",
        "radiusMiles": 0.25,
        "lines": [
          "Green"
        ]
      }
    },
    {
      "type": "Feature",
      "geometry": {
        "type": "Point",
        "coordinates": [
          -73.5466995,
          45.5768358
        ]
      },
      "properties": {
        "name": "Cadillac",
        "system": "Metro",
        "zone": "A",
        "featureType": "station",
        "lines": [
          "Green"
        ]
      }
    },
    {
      "type": "Feature",
      "geometry": {
        "type": "Polygon",
        "coordinates": [
          [
            [
              -73.5466995,
              45.58045409457639
            ],
            [
              -73.54619281551732,
              45.58043667149902
            ],
            [
              -73.54569101068319,
              45.58038457006068
            ],
            [
              -73.54519891815248,
              45.580298292026704
            ],
            [
              -73.54472127704526,
              45.58017866830172
            ],
            [
              -73.5442626873065,
              45.580026850927595
            ],
            [
              -73.54382756540606,
              45.57984430198862
            ],
            [
              -73.54342010180574,
              45.57963277953089
            ],
            [
              -73.54304422060272,
              45.579394320631295
            ],
            [
              -73.54270354173849,
              45.579131221779384
            ],
            [
              -73.54240134613673,
              45.578846016760934
            ],
            [
              -73.54214054410627,
              45.57854145225618
            ],
            [
              -73.54192364731325,
              45.5782204613878
            ],
            [
              -73.54175274459234,
              45.577886135473314
            ],
            [
              -73.5416294818302,
              45.57754169425405
            ],
            [
              -73.54155504611458,
              45.577190454887244
            ],
            [
              -73.54153015430211,
              45.5768358
            ],
            [
              -73.54155504611458,
              45.57648114511275
            ],
            [
              -73.5416294818302,
              45.576129905745944
            ],
            [
              -73.54175274459234,
              45.57578546452668
            ],
            [
              -73.54192364731325,
              45.575451138612195
            ],
            [
              -73.54214054410627,
              45.57513014774381
            ],
            [
              -73.54240134613673,
              45.57482558323906
            ],
            [
              -73.54270354173849,
              45.57454037822061
            ],
            [
              -73.54304422060272,
              45.5742772793687
            ],
            [
              -73.54342010180574,
              45.574038820469106
            ],
            [
              -73.54382756540606,
              45.57382729801137
            ],
            [
              -73.5442626873065,
              45.5736447490724
            ],
            [
              -73.54472127704526,
              45.573492931698276
            ],
            [
              -73.54519891815248,
              45.57337330797329
            ],
            [
              -73.54569101068319,
              45.573287029939316
            ],
            [
              -73.54619281551732,
              45.57323492850097
            ],
            [
              -73.5466995,
              45.57321750542361
            ],
            [
              -73.54720618448269,
              45.57323492850097
            ],
            [
              -73.54770798931682,
              45.573287029939316
            ],
            [
              -73.54820008184753,
              45.57337330797329
            ],
            [
              -73.54867772295475,
              45.573492931698276
            ],
            [
              -73.5491363126935,
              45.5736447490724
            ],
            [
              -73.54957143459394,
              45.57382729801137
            ],
            [
              -73.54997889819427,
              45.574038820469106
            ],
            [
              -73.55035477939728,
              45.5742772793687
            ],
            [
              -73.55069545826152,
              45.57454037822061
            ],
            [
              -73.55099765386328,
              45.57482558323906
            ],
            [
              -73.55125845589373,
              45.57513014774381
            ],
            [
              -73.55147535268675,
              45.575451138612195
            ],
            [
              -73.55164625540766,
              45.57578546452668
            ],
            [
              -73.5517695181698,
              45.576129905745944
            ],
            [
              -73.55184395388542,
              45.57648114511275
            ],
            [
              -73.5518688456979,
              45.5768358
            ],
            [
              -73.55184395388542,
              45.577190454887244
            ],
            [
              -73.5517695181698,
              45.57754169425405
            ],
            [
              -73.55164625540766,
              45.577886135473314
            ],
            [
              -73.55147535268675,
              45.5782204613878
            ],
            [
              -73.55125845589373,
              45.57854145225618
            ],
            [
              -73.55099765386328,
              45.578846016760934
            ],
            [
              -73.55069545826152,
              45.579131221779384
            ],
            [
              -73.55035477939728,
              45.579394320631295
            ],
            [
              -73.54997889819427,
              45.57963277953089
            ],
            [
              -73.54957143459394,
              45.57984430198862
            ],
            [
              -73.5491363126935,
              45.580026850927595
            ],
            [
              -73.54867772295475,
              45.58017866830172
            ],
            [
              -73.54820008184753,
              45.580298292026704
            ],
            [
              -73.54770798931682,
              45.58038457006068
            ],
            [
              -73.54720618448269,
              45.58043667149902
            ],
            [
              -73.5466995,
              45.58045409457639
            ]
          ]
        ]
      },
      "properties": {
        "name": "Cadillac",
        "system": "Metro",
        "zone": "A",
        "featureType": "hidingZone",
        "radiusMiles": 0.25,
        "lines": [
          "Green"
        ]
      }
    },
    {
      "type": "Feature",
      "geometry": {
        "type": "Point",
        "coordinates": [
          -73.5354362,
          45.596414
        ]
      },
      "properties": {
        "name": "Honoré-Beaugrand",
        "system": "Metro",
        "zone": "A",
        "featureType": "station",
        "lines": [
          "Green"
        ]
      }
    },
    {
      "type": "Feature",
      "geometry": {
        "type": "Polygon",
        "coordinates": [
          [
            [
              -73.5354362,
              45.600032294576394
            ],
            [
              -73.53492933876824,
              45.60001487149903
            ],
            [
              -73.53442735888721,
              45.599962770060685
            ],
            [
              -73.53393509469758,
              45.59987649202671
            ],
            [
              -73.5334572869726,
              45.599756868301725
            ],
            [
              -73.53299853726188,
              45.5996050509276
            ],
            [
              -73.53256326357587,
              45.59942250198863
            ],
            [
              -73.53215565783813,
              45.599210979530895
            ],
            [
              -73.53177964551475,
              45.5989725206313
            ],
            [
              -73.53143884780992,
              45.59870942177939
            ],
            [
              -73.53113654679187,
              45.59842421676094
            ],
            [
              -73.53087565378465,
              45.59811965225619
            ],
            [
              -73.53065868133051,
              45.597798661387806
            ],
            [
              -73.53048771899283,
              45.59746433547332
            ],
            [
              -73.53036441323236,
              45.59711989425406
            ],
            [
              -73.53028995155098,
              45.59676865488725
            ],
            [
              -73.5302650510554,
              45.596414
            ],
            [
              -73.53028995155098,
              45.59605934511276
            ],
            [
              -73.53036441323236,
              45.59570810574595
            ],
            [
              -73.53048771899283,
              45.59536366452669
            ],
            [
              -73.53065868133051,
              45.5950293386122
            ],
            [
              -73.53087565378465,
              45.59470834774382
            ],
            [
              -73.53113654679187,
              45.594403783239066
            ],
            [
              -73.53143884780992,
              45.594118578220616
            ],
            [
              -73.53177964551475,
              45.593855479368706
            ],
            [
              -73.53215565783813,
              45.59361702046911
            ],
            [
              -73.53256326357587,
              45.59340549801138
            ],
            [
              -73.53299853726188,
              45.593222949072405
            ],
            [
              -73.5334572869726,
              45.59307113169828
            ],
            [
              -73.53393509469758,
              45.5929515079733
            ],
            [
              -73.53442735888721,
              45.59286522993932
            ],
            [
              -73.53492933876824,
              45.59281312850098
            ],
            [
              -73.5354362,
              45.59279570542361
            ],
            [
              -73.53594306123178,
              45.59281312850098
            ],
            [
              -73.5364450411128,
              45.59286522993932
            ],
            [
              -73.53693730530243,
              45.5929515079733
            ],
            [
              -73.53741511302741,
              45.59307113169828
            ],
            [
              -73.53787386273814,
              45.593222949072405
            ],
            [
              -73.53830913642415,
              45.59340549801138
            ],
            [
              -73.53871674216188,
              45.59361702046911
            ],
            [
              -73.53909275448527,
              45.593855479368706
            ],
            [
              -73.53943355219009,
              45.594118578220616
            ],
            [
              -73.53973585320814,
              45.594403783239066
            ],
            [
              -73.53999674621537,
              45.59470834774382
            ],
            [
              -73.5402137186695,
              45.5950293386122
            ],
            [
              -73.54038468100718,
              45.59536366452669
            ],
            [
              -73.54050798676765,
              45.59570810574595
            ],
            [
              -73.54058244844903,
              45.59605934511276
            ],
            [
              -73.54060734894462,
              45.596414
            ],
            [
              -73.54058244844903,
              45.59676865488725
            ],
            [
              -73.54050798676765,
              45.59711989425406
            ],
            [
              -73.54038468100718,
              45.59746433547332
            ],
            [
              -73.5402137186695,
              45.597798661387806
            ],
            [
              -73.53999674621537,
              45.59811965225619
            ],
            [
              -73.53973585320814,
              45.59842421676094
            ],
            [
              -73.53943355219009,
              45.59870942177939
            ],
            [
              -73.53909275448527,
              45.5989725206313
            ],
            [
              -73.53871674216188,
              45.599210979530895
            ],
            [
              -73.53830913642415,
              45.59942250198863
            ],
            [
              -73.53787386273814,
              45.5996050509276
            ],
            [
              -73.53741511302741,
              45.599756868301725
            ],
            [
              -73.53693730530243,
              45.59987649202671
            ],
            [
              -73.5364450411128,
              45.599962770060685
            ],
            [
              -73.53594306123178,
              45.60001487149903
            ],
            [
              -73.5354362,
              45.600032294576394
            ]
          ]
        ]
      },
      "properties": {
        "name": "Honoré-Beaugrand",
        "system": "Metro",
        "zone": "A",
        "featureType": "hidingZone",
        "radiusMiles": 0.25,
        "lines": [
          "Green"
        ]
      }
    },
    {
      "type": "Feature",
      "geometry": {
        "type": "Point",
        "coordinates": [
          -73.5999622,
          45.5597489
        ]
      },
      "properties": {
        "name": "Saint-Michel",
        "system": "Metro",
        "zone": "A",
        "featureType": "station",
        "lines": [
          "Blue"
        ]
      }
    },
    {
      "type": "Feature",
      "geometry": {
        "type": "Polygon",
        "coordinates": [
          [
            [
              -73.5999622,
              45.563367194576394
            ],
            [
              -73.59945566962628,
              45.56334977149903
            ],
            [
              -73.59895401741697,
              45.563297670060685
            ],
            [
              -73.59846207455706,
              45.56321139202671
            ],
            [
              -73.59798457872523,
              45.563091768301724
            ],
            [
              -73.59752612846734,
              45.5629399509276
            ],
            [
              -73.59709113891,
              45.56275740198863
            ],
            [
              -73.59668379924045,
              45.562545879530894
            ],
            [
              -73.59630803236236,
              45.5623074206313
            ],
            [
              -73.5959674571162,
              45.56204432177939
            ],
            [
              -73.59566535342775,
              45.56175911676094
            ],
            [
              -73.5954046307207,
              45.56145455225619
            ],
            [
              -73.59518779989722,
              45.561133561387805
            ],
            [
              -73.59501694915667,
              45.56079923547332
            ],
            [
              -73.59489372388511,
              45.560454794254056
            ],
            [
              -73.59481931080924,
              45.56010355488725
            ],
            [
              -73.59479442656767,
              45.5597489
            ],
            [
              -73.59481931080924,
              45.559394245112756
            ],
            [
              -73.59489372388511,
              45.55904300574595
            ],
            [
              -73.59501694915667,
              45.558698564526686
            ],
            [
              -73.59518779989722,
              45.5583642386122
            ],
            [
              -73.5954046307207,
              45.55804324774382
            ],
            [
              -73.59566535342775,
              45.557738683239066
            ],
            [
              -73.5959674571162,
              45.557453478220616
            ],
            [
              -73.59630803236236,
              45.557190379368706
            ],
            [
              -73.59668379924045,
              45.55695192046911
            ],
            [
              -73.59709113891,
              45.55674039801138
            ],
            [
              -73.59752612846734,
              45.556557849072405
            ],
            [
              -73.59798457872523,
              45.55640603169828
            ],
            [
              -73.59846207455706,
              45.556286407973296
            ],
            [
              -73.59895401741697,
              45.55620012993932
            ],
            [
              -73.59945566962628,
              45.55614802850098
            ],
            [
              -73.5999622,
              45.55613060542361
            ],
            [
              -73.6004687303737,
              45.55614802850098
            ],
            [
              -73.60097038258301,
              45.55620012993932
            ],
            [
              -73.60146232544292,
              45.556286407973296
            ],
            [
              -73.60193982127475,
              45.55640603169828
            ],
            [
              -73.60239827153265,
              45.556557849072405
            ],
            [
              -73.60283326108998,
              45.55674039801138
            ],
            [
              -73.60324060075953,
              45.55695192046911
            ],
            [
              -73.60361636763763,
              45.557190379368706
            ],
            [
              -73.60395694288378,
              45.557453478220616
            ],
            [
              -73.60425904657224,
              45.557738683239066
            ],
            [
              -73.60451976927929,
              45.55804324774382
            ],
            [
              -73.60473660010277,
              45.5583642386122
            ],
            [
              -73.60490745084331,
              45.558698564526686
            ],
            [
              -73.60503067611488,
              45.55904300574595
            ],
            [
              -73.60510508919074,
              45.559394245112756
            ],
            [
              -73.60512997343231,
              45.5597489
            ],
            [
              -73.60510508919074,
              45.56010355488725
            ],
            [
              -73.60503067611488,
              45.560454794254056
            ],
            [
              -73.60490745084331,
              45.56079923547332
            ],
            [
              -73.60473660010277,
              45.561133561387805
            ],
            [
              -73.60451976927929,
              45.56145455225619
            ],
            [
              -73.60425904657224,
              45.56175911676094
            ],
            [
              -73.60395694288378,
              45.56204432177939
            ],
            [
              -73.60361636763763,
              45.5623074206313
            ],
            [
              -73.60324060075953,
              45.562545879530894
            ],
            [
              -73.60283326108998,
              45.56275740198863
            ],
            [
              -73.60239827153265,
              45.5629399509276
            ],
            [
              -73.60193982127475,
              45.563091768301724
            ],
            [
              -73.60146232544292,
              45.56321139202671
            ],
            [
              -73.60097038258301,
              45.563297670060685
            ],
            [
              -73.6004687303737,
              45.56334977149903
            ],
            [
              -73.5999622,
              45.563367194576394
            ]
          ]
        ]
      },
      "properties": {
        "name": "Saint-Michel",
        "system": "Metro",
        "zone": "A",
        "featureType": "hidingZone",
        "radiusMiles": 0.25,
        "lines": [
          "Blue"
        ]
      }
    },
    {
      "type": "Feature",
      "geometry": {
        "type": "Point",
        "coordinates": [
          -73.6026995,
          45.5525993
        ]
      },
      "properties": {
        "name": "D’Iberville",
        "system": "Metro",
        "zone": "A",
        "featureType": "station",
        "lines": [
          "Blue"
        ]
      }
    },
    {
      "type": "Feature",
      "geometry": {
        "type": "Polygon",
        "coordinates": [
          [
            [
              -73.6026995,
              45.55621759457639
            ],
            [
              -73.60219303406828,
              45.55620017149902
            ],
            [
              -73.60169144568036,
              45.55614807006068
            ],
            [
              -73.60119956540659,
              45.5560617920267
            ],
            [
              -73.6007221303229,
              45.55594216830172
            ],
            [
              -73.60026373839013,
              45.555790350927595
            ],
            [
              -73.5998288041732,
              45.55560780198862
            ],
            [
              -73.59942151632636,
              45.55539627953089
            ],
            [
              -73.59904579725422,
              45.555157820631294
            ],
            [
              -73.59870526533685,
              45.554894721779384
            ],
            [
              -73.59840320008274,
              45.554609516760934
            ],
            [
              -73.59814251054544,
              45.55430495225618
            ],
            [
              -73.5979257073077,
              45.5539839613878
            ],
            [
              -73.59775487830319,
              45.55364963547331
            ],
            [
              -73.59763166870864,
              45.55330519425405
            ],
            [
              -73.59755726509978,
              45.55295395488724
            ],
            [
              -73.59753238402403,
              45.5525993
            ],
            [
              -73.59755726509978,
              45.55224464511275
            ],
            [
              -73.59763166870864,
              45.55189340574594
            ],
            [
              -73.59775487830319,
              45.55154896452668
            ],
            [
              -73.5979257073077,
              45.551214638612194
            ],
            [
              -73.59814251054544,
              45.55089364774381
            ],
            [
              -73.59840320008274,
              45.55058908323906
            ],
            [
              -73.59870526533685,
              45.55030387822061
            ],
            [
              -73.59904579725422,
              45.5500407793687
            ],
            [
              -73.59942151632636,
              45.549802320469105
            ],
            [
              -73.5998288041732,
              45.54959079801137
            ],
            [
              -73.60026373839013,
              45.5494082490724
            ],
            [
              -73.6007221303229,
              45.549256431698275
            ],
            [
              -73.60119956540659,
              45.54913680797329
            ],
            [
              -73.60169144568036,
              45.549050529939315
            ],
            [
              -73.60219303406828,
              45.54899842850097
            ],
            [
              -73.6026995,
              45.548981005423606
            ],
            [
              -73.60320596593172,
              45.54899842850097
            ],
            [
              -73.60370755431964,
              45.549050529939315
            ],
            [
              -73.60419943459341,
              45.54913680797329
            ],
            [
              -73.6046768696771,
              45.549256431698275
            ],
            [
              -73.60513526160987,
              45.5494082490724
            ],
            [
              -73.6055701958268,
              45.54959079801137
            ],
            [
              -73.60597748367364,
              45.549802320469105
            ],
            [
              -73.60635320274578,
              45.5500407793687
            ],
            [
              -73.60669373466315,
              45.55030387822061
            ],
            [
              -73.60699579991726,
              45.55058908323906
            ],
            [
              -73.60725648945456,
              45.55089364774381
            ],
            [
              -73.6074732926923,
              45.551214638612194
            ],
            [
              -73.60764412169681,
              45.55154896452668
            ],
            [
              -73.60776733129136,
              45.55189340574594
            ],
            [
              -73.60784173490022,
              45.55224464511275
            ],
            [
              -73.60786661597596,
              45.5525993
            ],
            [
              -73.60784173490022,
              45.55295395488724
            ],
            [
              -73.60776733129136,
              45.55330519425405
            ],
            [
              -73.60764412169681,
              45.55364963547331
            ],
            [
              -73.6074732926923,
              45.5539839613878
            ],
            [
              -73.60725648945456,
              45.55430495225618
            ],
            [
              -73.60699579991726,
              45.554609516760934
            ],
            [
              -73.60669373466315,
              45.554894721779384
            ],
            [
              -73.60635320274578,
              45.555157820631294
            ],
            [
              -73.60597748367364,
              45.55539627953089
            ],
            [
              -73.6055701958268,
              45.55560780198862
            ],
            [
              -73.60513526160987,
              45.555790350927595
            ],
            [
              -73.6046768696771,
              45.55594216830172
            ],
            [
              -73.60419943459341,
              45.5560617920267
            ],
            [
              -73.60370755431964,
              45.55614807006068
            ],
            [
              -73.60320596593172,
              45.55620017149902
            ],
            [
              -73.6026995,
              45.55621759457639
            ]
          ]
        ]
      },
      "properties": {
        "name": "D’Iberville",
        "system": "Metro",
        "zone": "A",
        "featureType": "hidingZone",
        "radiusMiles": 0.25,
        "lines": [
          "Blue"
        ]
      }
    },
    {
      "type": "Feature",
      "geometry": {
        "type": "Point",
        "coordinates": [
          -73.6078016,
          45.5467522
        ]
      },
      "properties": {
        "name": "Fabre",
        "system": "Metro",
        "zone": "A",
        "featureType": "station",
        "lines": [
          "Blue"
        ]
      }
    },
    {
      "type": "Feature",
      "geometry": {
        "type": "Polygon",
        "coordinates": [
          [
            [
              -73.6078016,
              45.55037049457639
            ],
            [
              -73.60729518675231,
              45.550353071499025
            ],
            [
              -73.60679365054104,
              45.55030097006068
            ],
            [
              -73.60630182143406,
              45.55021469202671
            ],
            [
              -73.60582443601453,
              45.55009506830172
            ],
            [
              -73.605366091765,
              45.5499432509276
            ],
            [
              -73.60493120279116,
              45.549760701988625
            ],
            [
              -73.60452395731157,
              45.54954917953089
            ],
            [
              -73.60414827732279,
              45.5493107206313
            ],
            [
              -73.60380778082852,
              45.54904762177939
            ],
            [
              -73.60350574699612,
              45.54876241676094
            ],
            [
              -73.60324508457649,
              45.548457852256185
            ],
            [
              -73.60302830389122,
              45.5481368613878
            ],
            [
              -73.60285749265684,
              45.547802535473316
            ],
            [
              -73.6027342958789,
              45.547458094254054
            ],
            [
              -73.60265990000971,
              45.54710685488725
            ],
            [
              -73.60263502152218,
              45.5467522
            ],
            [
              -73.60265990000971,
              45.546397545112754
            ],
            [
              -73.6027342958789,
              45.546046305745946
            ],
            [
              -73.60285749265684,
              45.545701864526684
            ],
            [
              -73.60302830389122,
              45.5453675386122
            ],
            [
              -73.60324508457649,
              45.545046547743816
            ],
            [
              -73.60350574699612,
              45.544741983239064
            ],
            [
              -73.60380778082852,
              45.544456778220614
            ],
            [
              -73.60414827732279,
              45.5441936793687
            ],
            [
              -73.60452395731157,
              45.54395522046911
            ],
            [
              -73.60493120279116,
              45.543743698011376
            ],
            [
              -73.605366091765,
              45.5435611490724
            ],
            [
              -73.60582443601453,
              45.54340933169828
            ],
            [
              -73.60630182143406,
              45.543289707973294
            ],
            [
              -73.60679365054104,
              45.54320342993932
            ],
            [
              -73.60729518675231,
              45.543151328500976
            ],
            [
              -73.6078016,
              45.54313390542361
            ],
            [
              -73.6083080132477,
              45.543151328500976
            ],
            [
              -73.60880954945897,
              45.54320342993932
            ],
            [
              -73.60930137856595,
              45.543289707973294
            ],
            [
              -73.60977876398547,
              45.54340933169828
            ],
            [
              -73.610237108235,
              45.5435611490724
            ],
            [
              -73.61067199720884,
              45.543743698011376
            ],
            [
              -73.61107924268843,
              45.54395522046911
            ],
            [
              -73.61145492267721,
              45.5441936793687
            ],
            [
              -73.61179541917149,
              45.544456778220614
            ],
            [
              -73.61209745300388,
              45.544741983239064
            ],
            [
              -73.61235811542352,
              45.545046547743816
            ],
            [
              -73.61257489610878,
              45.5453675386122
            ],
            [
              -73.61274570734317,
              45.545701864526684
            ],
            [
              -73.6128689041211,
              45.546046305745946
            ],
            [
              -73.61294329999029,
              45.546397545112754
            ],
            [
              -73.61296817847783,
              45.5467522
            ],
            [
              -73.61294329999029,
              45.54710685488725
            ],
            [
              -73.6128689041211,
              45.547458094254054
            ],
            [
              -73.61274570734317,
              45.547802535473316
            ],
            [
              -73.61257489610878,
              45.5481368613878
            ],
            [
              -73.61235811542352,
              45.548457852256185
            ],
            [
              -73.61209745300388,
              45.54876241676094
            ],
            [
              -73.61179541917149,
              45.54904762177939
            ],
            [
              -73.61145492267721,
              45.5493107206313
            ],
            [
              -73.61107924268843,
              45.54954917953089
            ],
            [
              -73.61067199720884,
              45.549760701988625
            ],
            [
              -73.610237108235,
              45.5499432509276
            ],
            [
              -73.60977876398547,
              45.55009506830172
            ],
            [
              -73.60930137856595,
              45.55021469202671
            ],
            [
              -73.60880954945897,
              45.55030097006068
            ],
            [
              -73.6083080132477,
              45.550353071499025
            ],
            [
              -73.6078016,
              45.55037049457639
            ]
          ]
        ]
      },
      "properties": {
        "name": "Fabre",
        "system": "Metro",
        "zone": "A",
        "featureType": "hidingZone",
        "radiusMiles": 0.25,
        "lines": [
          "Blue"
        ]
      }
    },
    {
      "type": "Feature",
      "geometry": {
        "type": "Point",
        "coordinates": [
          -73.6134236,
          45.5391835
        ]
      },
      "properties": {
        "name": "Jean-Talon",
        "system": "Metro",
        "zone": "A",
        "featureType": "station",
        "lines": [
          "Orange",
          "Blue"
        ]
      }
    },
    {
      "type": "Feature",
      "geometry": {
        "type": "Polygon",
        "coordinates": [
          [
            [
              -73.6134236,
              45.54280179457639
            ],
            [
              -73.61291725492435,
              45.542784371499025
            ],
            [
              -73.61241578622857,
              45.54273227006068
            ],
            [
              -73.61192402333033,
              45.542645992026706
            ],
            [
              -73.61144670217519,
              45.54252636830172
            ],
            [
              -73.61098841962676,
              45.5423745509276
            ],
            [
              -73.61055358919654,
              45.542192001988624
            ],
            [
              -73.61014639853927,
              45.54198047953089
            ],
            [
              -73.60977076912357,
              45.5417420206313
            ],
            [
              -73.60943031846604,
              45.54147892177939
            ],
            [
              -73.60912832529264,
              45.54119371676094
            ],
            [
              -73.60886769796271,
              45.540889152256185
            ],
            [
              -73.6086509464599,
              45.5405681613878
            ],
            [
              -73.60848015821968,
              45.540233835473316
            ],
            [
              -73.60835697802617,
              45.539889394254054
            ],
            [
              -73.60828259217196,
              45.539538154887246
            ],
            [
              -73.6082577170335,
              45.5391835
            ],
            [
              -73.60828259217196,
              45.538828845112754
            ],
            [
              -73.60835697802617,
              45.538477605745946
            ],
            [
              -73.60848015821968,
              45.538133164526684
            ],
            [
              -73.6086509464599,
              45.5377988386122
            ],
            [
              -73.60886769796271,
              45.537477847743816
            ],
            [
              -73.60912832529264,
              45.53717328323906
            ],
            [
              -73.60943031846604,
              45.53688807822061
            ],
            [
              -73.60977076912357,
              45.5366249793687
            ],
            [
              -73.61014639853927,
              45.53638652046911
            ],
            [
              -73.61055358919654,
              45.536174998011376
            ],
            [
              -73.61098841962676,
              45.5359924490724
            ],
            [
              -73.61144670217519,
              45.53584063169828
            ],
            [
              -73.61192402333033,
              45.535721007973294
            ],
            [
              -73.61241578622857,
              45.53563472993932
            ],
            [
              -73.61291725492435,
              45.535582628500975
            ],
            [
              -73.6134236,
              45.53556520542361
            ],
            [
              -73.61392994507565,
              45.535582628500975
            ],
            [
              -73.61443141377144,
              45.53563472993932
            ],
            [
              -73.61492317666968,
              45.535721007973294
            ],
            [
              -73.61540049782482,
              45.53584063169828
            ],
            [
              -73.61585878037324,
              45.5359924490724
            ],
            [
              -73.61629361080347,
              45.536174998011376
            ],
            [
              -73.61670080146074,
              45.53638652046911
            ],
            [
              -73.61707643087644,
              45.5366249793687
            ],
            [
              -73.61741688153397,
              45.53688807822061
            ],
            [
              -73.61771887470736,
              45.53717328323906
            ],
            [
              -73.6179795020373,
              45.537477847743816
            ],
            [
              -73.6181962535401,
              45.5377988386122
            ],
            [
              -73.61836704178033,
              45.538133164526684
            ],
            [
              -73.61849022197384,
              45.538477605745946
            ],
            [
              -73.61856460782805,
              45.538828845112754
            ],
            [
              -73.61858948296651,
              45.5391835
            ],
            [
              -73.61856460782805,
              45.539538154887246
            ],
            [
              -73.61849022197384,
              45.539889394254054
            ],
            [
              -73.61836704178033,
              45.540233835473316
            ],
            [
              -73.6181962535401,
              45.5405681613878
            ],
            [
              -73.6179795020373,
              45.540889152256185
            ],
            [
              -73.61771887470736,
              45.54119371676094
            ],
            [
              -73.61741688153397,
              45.54147892177939
            ],
            [
              -73.61707643087644,
              45.5417420206313
            ],
            [
              -73.61670080146074,
              45.54198047953089
            ],
            [
              -73.61629361080347,
              45.542192001988624
            ],
            [
              -73.61585878037324,
              45.5423745509276
            ],
            [
              -73.61540049782482,
              45.54252636830172
            ],
            [
              -73.61492317666968,
              45.542645992026706
            ],
            [
              -73.61443141377144,
              45.54273227006068
            ],
            [
              -73.61392994507565,
              45.542784371499025
            ],
            [
              -73.6134236,
              45.54280179457639
            ]
          ]
        ]
      },
      "properties": {
        "name": "Jean-Talon",
        "system": "Metro",
        "zone": "A",
        "featureType": "hidingZone",
        "radiusMiles": 0.25,
        "lines": [
          "Orange",
          "Blue"
        ]
      }
    },
    {
      "type": "Feature",
      "geometry": {
        "type": "Point",
        "coordinates": [
          -73.6201056,
          45.5352621
        ]
      },
      "properties": {
        "name": "De Castelnau",
        "system": "Metro",
        "zone": "A",
        "featureType": "station",
        "lines": [
          "Blue"
        ]
      }
    },
    {
      "type": "Feature",
      "geometry": {
        "type": "Polygon",
        "coordinates": [
          [
            [
              -73.6201056,
              45.53888039457639
            ],
            [
              -73.61959929023409,
              45.53886297149902
            ],
            [
              -73.619097856508,
              45.53881087006068
            ],
            [
              -73.61860612790264,
              45.5387245920267
            ],
            [
              -73.61812884003326,
              45.53860496830172
            ],
            [
              -73.61767058944297,
              45.538453150927594
            ],
            [
              -73.61723578933545,
              45.53827060198862
            ],
            [
              -73.61682862707345,
              45.53805907953089
            ],
            [
              -73.61645302385209,
              45.537820620631294
            ],
            [
              -73.61611259693574,
              45.537557521779384
            ],
            [
              -73.61581062482169,
              45.537272316760934
            ],
            [
              -73.61555001566649,
              45.53696775225618
            ],
            [
              -73.61533327927874,
              45.5366467613878
            ],
            [
              -73.61516250294837,
              45.53631243547331
            ],
            [
              -73.61503933134476,
              45.53596799425405
            ],
            [
              -73.61496495067783,
              45.53561675488724
            ],
            [
              -73.61494007727401,
              45.5352621
            ],
            [
              -73.61496495067783,
              45.53490744511275
            ],
            [
              -73.61503933134476,
              45.53455620574594
            ],
            [
              -73.61516250294837,
              45.53421176452668
            ],
            [
              -73.61533327927874,
              45.533877438612194
            ],
            [
              -73.61555001566649,
              45.53355644774381
            ],
            [
              -73.61581062482169,
              45.53325188323906
            ],
            [
              -73.61611259693574,
              45.53296667822061
            ],
            [
              -73.61645302385209,
              45.5327035793687
            ],
            [
              -73.61682862707345,
              45.532465120469105
            ],
            [
              -73.61723578933545,
              45.53225359801137
            ],
            [
              -73.61767058944297,
              45.5320710490724
            ],
            [
              -73.61812884003326,
              45.531919231698275
            ],
            [
              -73.61860612790264,
              45.53179960797329
            ],
            [
              -73.619097856508,
              45.531713329939315
            ],
            [
              -73.61959929023409,
              45.53166122850097
            ],
            [
              -73.6201056,
              45.531643805423606
            ],
            [
              -73.62061190976591,
              45.53166122850097
            ],
            [
              -73.621113343492,
              45.531713329939315
            ],
            [
              -73.62160507209737,
              45.53179960797329
            ],
            [
              -73.62208235996674,
              45.531919231698275
            ],
            [
              -73.62254061055704,
              45.5320710490724
            ],
            [
              -73.62297541066455,
              45.53225359801137
            ],
            [
              -73.62338257292656,
              45.532465120469105
            ],
            [
              -73.62375817614792,
              45.5327035793687
            ],
            [
              -73.62409860306427,
              45.53296667822061
            ],
            [
              -73.62440057517831,
              45.53325188323906
            ],
            [
              -73.62466118433352,
              45.53355644774381
            ],
            [
              -73.62487792072126,
              45.533877438612194
            ],
            [
              -73.62504869705164,
              45.53421176452668
            ],
            [
              -73.62517186865524,
              45.53455620574594
            ],
            [
              -73.62524624932217,
              45.53490744511275
            ],
            [
              -73.62527112272599,
              45.5352621
            ],
            [
              -73.62524624932217,
              45.53561675488724
            ],
            [
              -73.62517186865524,
              45.53596799425405
            ],
            [
              -73.62504869705164,
              45.53631243547331
            ],
            [
              -73.62487792072126,
              45.5366467613878
            ],
            [
              -73.62466118433352,
              45.53696775225618
            ],
            [
              -73.62440057517831,
              45.537272316760934
            ],
            [
              -73.62409860306427,
              45.537557521779384
            ],
            [
              -73.62375817614792,
              45.537820620631294
            ],
            [
              -73.62338257292656,
              45.53805907953089
            ],
            [
              -73.62297541066455,
              45.53827060198862
            ],
            [
              -73.62254061055704,
              45.538453150927594
            ],
            [
              -73.62208235996674,
              45.53860496830172
            ],
            [
              -73.62160507209737,
              45.5387245920267
            ],
            [
              -73.621113343492,
              45.53881087006068
            ],
            [
              -73.62061190976591,
              45.53886297149902
            ],
            [
              -73.6201056,
              45.53888039457639
            ]
          ]
        ]
      },
      "properties": {
        "name": "De Castelnau",
        "system": "Metro",
        "zone": "A",
        "featureType": "hidingZone",
        "radiusMiles": 0.25,
        "lines": [
          "Blue"
        ]
      }
    },
    {
      "type": "Feature",
      "geometry": {
        "type": "Point",
        "coordinates": [
          -73.6245212,
          45.530416
        ]
      },
      "properties": {
        "name": "Parc",
        "system": "Metro",
        "zone": "A",
        "featureType": "station",
        "lines": [
          "Blue"
        ]
      }
    },
    {
      "type": "Feature",
      "geometry": {
        "type": "Polygon",
        "coordinates": [
          [
            [
              -73.6245212,
              45.534034294576394
            ],
            [
              -73.62401493386011,
              45.53401687149903
            ],
            [
              -73.62351354333988,
              45.533964770060685
            ],
            [
              -73.62302185710415,
              45.53387849202671
            ],
            [
              -73.62254461036012,
              45.533758868301724
            ],
            [
              -73.62208639925484,
              45.5336070509276
            ],
            [
              -73.62165163661173,
              45.53342450198863
            ],
            [
              -73.62124450943271,
              45.533212979530894
            ],
            [
              -73.62086893857509,
              45.5329745206313
            ],
            [
              -73.6205285409915,
              45.53271142177939
            ],
            [
              -73.62022659489678,
              45.53242621676094
            ],
            [
              -73.61996600819687,
              45.53212165225619
            ],
            [
              -73.61974929048415,
              45.531800661387805
            ],
            [
              -73.61957852886866,
              45.53146633547332
            ],
            [
              -73.6194553678781,
              45.531121894254056
            ],
            [
              -73.61938099362014,
              45.53077065488725
            ],
            [
              -73.61935612235955,
              45.530416
            ],
            [
              -73.61938099362014,
              45.530061345112756
            ],
            [
              -73.6194553678781,
              45.52971010574595
            ],
            [
              -73.61957852886866,
              45.529365664526686
            ],
            [
              -73.61974929048415,
              45.5290313386122
            ],
            [
              -73.61996600819687,
              45.52871034774382
            ],
            [
              -73.62022659489678,
              45.528405783239066
            ],
            [
              -73.6205285409915,
              45.528120578220616
            ],
            [
              -73.62086893857509,
              45.527857479368706
            ],
            [
              -73.62124450943271,
              45.52761902046911
            ],
            [
              -73.62165163661173,
              45.52740749801138
            ],
            [
              -73.62208639925484,
              45.527224949072405
            ],
            [
              -73.62254461036012,
              45.52707313169828
            ],
            [
              -73.62302185710415,
              45.526953507973296
            ],
            [
              -73.62351354333988,
              45.52686722993932
            ],
            [
              -73.62401493386011,
              45.52681512850098
            ],
            [
              -73.6245212,
              45.52679770542361
            ],
            [
              -73.6250274661399,
              45.52681512850098
            ],
            [
              -73.62552885666013,
              45.52686722993932
            ],
            [
              -73.62602054289586,
              45.526953507973296
            ],
            [
              -73.62649778963988,
              45.52707313169828
            ],
            [
              -73.62695600074517,
              45.527224949072405
            ],
            [
              -73.62739076338828,
              45.52740749801138
            ],
            [
              -73.6277978905673,
              45.52761902046911
            ],
            [
              -73.62817346142492,
              45.527857479368706
            ],
            [
              -73.6285138590085,
              45.528120578220616
            ],
            [
              -73.62881580510323,
              45.528405783239066
            ],
            [
              -73.62907639180314,
              45.52871034774382
            ],
            [
              -73.62929310951586,
              45.5290313386122
            ],
            [
              -73.62946387113135,
              45.529365664526686
            ],
            [
              -73.6295870321219,
              45.52971010574595
            ],
            [
              -73.62966140637987,
              45.530061345112756
            ],
            [
              -73.62968627764046,
              45.530416
            ],
            [
              -73.62966140637987,
              45.53077065488725
            ],
            [
              -73.6295870321219,
              45.531121894254056
            ],
            [
              -73.62946387113135,
              45.53146633547332
            ],
            [
              -73.62929310951586,
              45.531800661387805
            ],
            [
              -73.62907639180314,
              45.53212165225619
            ],
            [
              -73.62881580510323,
              45.53242621676094
            ],
            [
              -73.6285138590085,
              45.53271142177939
            ],
            [
              -73.62817346142492,
              45.5329745206313
            ],
            [
              -73.6277978905673,
              45.533212979530894
            ],
            [
              -73.62739076338828,
              45.53342450198863
            ],
            [
              -73.62695600074517,
              45.5336070509276
            ],
            [
              -73.62649778963988,
              45.533758868301724
            ],
            [
              -73.62602054289586,
              45.53387849202671
            ],
            [
              -73.62552885666013,
              45.533964770060685
            ],
            [
              -73.6250274661399,
              45.53401687149903
            ],
            [
              -73.6245212,
              45.534034294576394
            ]
          ]
        ]
      },
      "properties": {
        "name": "Parc",
        "system": "Metro",
        "zone": "A",
        "featureType": "hidingZone",
        "radiusMiles": 0.25,
        "lines": [
          "Blue"
        ]
      }
    },
    {
      "type": "Feature",
      "geometry": {
        "type": "Point",
        "coordinates": [
          -73.6237511,
          45.523225
        ]
      },
      "properties": {
        "name": "Acadie",
        "system": "Metro",
        "zone": "A",
        "featureType": "station",
        "lines": [
          "Blue"
        ]
      }
    },
    {
      "type": "Feature",
      "geometry": {
        "type": "Polygon",
        "coordinates": [
          [
            [
              -73.6237511,
              45.52684329457639
            ],
            [
              -73.62324489857507,
              45.52682587149902
            ],
            [
              -73.62274357214658,
              45.52677377006068
            ],
            [
              -73.62225194876207,
              45.5266874920267
            ],
            [
              -73.62177476302351,
              45.52656786830172
            ],
            [
              -73.62131661049042,
              45.526416050927594
            ],
            [
              -73.62088190342213,
              45.52623350198862
            ],
            [
              -73.62047482828534,
              45.52602197953089
            ],
            [
              -73.62009930543616,
              45.52578352063129
            ],
            [
              -73.6197589513649,
              45.52552042177938
            ],
            [
              -73.61945704386733,
              45.52523521676093
            ],
            [
              -73.61919649047769,
              45.52493065225618
            ],
            [
              -73.61897980046754,
              45.5246096613878
            ],
            [
              -73.61880906068016,
              45.52427533547331
            ],
            [
              -73.61868591543302,
              45.52393089425405
            ],
            [
              -73.61861155068216,
              45.52357965488724
            ],
            [
              -73.6185866826008,
              45.523225
            ],
            [
              -73.61861155068216,
              45.52287034511275
            ],
            [
              -73.61868591543302,
              45.52251910574594
            ],
            [
              -73.61880906068016,
              45.52217466452668
            ],
            [
              -73.61897980046754,
              45.52184033861219
            ],
            [
              -73.61919649047769,
              45.52151934774381
            ],
            [
              -73.61945704386733,
              45.52121478323906
            ],
            [
              -73.6197589513649,
              45.52092957822061
            ],
            [
              -73.62009930543616,
              45.5206664793687
            ],
            [
              -73.62047482828534,
              45.520428020469105
            ],
            [
              -73.62088190342213,
              45.52021649801137
            ],
            [
              -73.62131661049042,
              45.5200339490724
            ],
            [
              -73.62177476302351,
              45.519882131698274
            ],
            [
              -73.62225194876207,
              45.51976250797329
            ],
            [
              -73.62274357214658,
              45.519676229939314
            ],
            [
              -73.62324489857507,
              45.51962412850097
            ],
            [
              -73.6237511,
              45.519606705423605
            ],
            [
              -73.62425730142495,
              45.51962412850097
            ],
            [
              -73.62475862785344,
              45.519676229939314
            ],
            [
              -73.62525025123794,
              45.51976250797329
            ],
            [
              -73.6257274369765,
              45.519882131698274
            ],
            [
              -73.62618558950959,
              45.5200339490724
            ],
            [
              -73.62662029657788,
              45.52021649801137
            ],
            [
              -73.62702737171468,
              45.520428020469105
            ],
            [
              -73.62740289456386,
              45.5206664793687
            ],
            [
              -73.62774324863511,
              45.52092957822061
            ],
            [
              -73.62804515613269,
              45.52121478323906
            ],
            [
              -73.62830570952232,
              45.52151934774381
            ],
            [
              -73.62852239953247,
              45.52184033861219
            ],
            [
              -73.62869313931985,
              45.52217466452668
            ],
            [
              -73.628816284567,
              45.52251910574594
            ],
            [
              -73.62889064931785,
              45.52287034511275
            ],
            [
              -73.62891551739921,
              45.523225
            ],
            [
              -73.62889064931785,
              45.52357965488724
            ],
            [
              -73.628816284567,
              45.52393089425405
            ],
            [
              -73.62869313931985,
              45.52427533547331
            ],
            [
              -73.62852239953247,
              45.5246096613878
            ],
            [
              -73.62830570952232,
              45.52493065225618
            ],
            [
              -73.62804515613269,
              45.52523521676093
            ],
            [
              -73.62774324863511,
              45.52552042177938
            ],
            [
              -73.62740289456386,
              45.52578352063129
            ],
            [
              -73.62702737171468,
              45.52602197953089
            ],
            [
              -73.62662029657788,
              45.52623350198862
            ],
            [
              -73.62618558950959,
              45.526416050927594
            ],
            [
              -73.6257274369765,
              45.52656786830172
            ],
            [
              -73.62525025123794,
              45.5266874920267
            ],
            [
              -73.62475862785344,
              45.52677377006068
            ],
            [
              -73.62425730142495,
              45.52682587149902
            ],
            [
              -73.6237511,
              45.52684329457639
            ]
          ]
        ]
      },
      "properties": {
        "name": "Acadie",
        "system": "Metro",
        "zone": "A",
        "featureType": "hidingZone",
        "radiusMiles": 0.25,
        "lines": [
          "Blue"
        ]
      }
    },
    {
      "type": "Feature",
      "geometry": {
        "type": "Point",
        "coordinates": [
          -73.6125273,
          45.5101323
        ]
      },
      "properties": {
        "name": "Édouard-Montpetit",
        "system": "Metro",
        "zone": "A",
        "featureType": "station",
        "lines": [
          "Blue"
        ]
      }
    },
    {
      "type": "Feature",
      "geometry": {
        "type": "Polygon",
        "coordinates": [
          [
            [
              -73.6125273,
              45.51375059457639
            ],
            [
              -73.61202121633906,
              45.51373317149903
            ],
            [
              -73.61152000654045,
              45.513681070060684
            ],
            [
              -73.61102849752848,
              45.51359479202671
            ],
            [
              -73.61055142280364,
              45.513475168301724
            ],
            [
              -73.61009337685633,
              45.5133233509276
            ],
            [
              -73.60965877091941,
              45.51314080198863
            ],
            [
              -73.60925179048563,
              45.512929279530894
            ],
            [
              -73.60887635499905,
              45.5126908206313
            ],
            [
              -73.60853608010864,
              45.51242772177939
            ],
            [
              -73.60823424284762,
              45.51214251676094
            ],
            [
              -73.60797375007378,
              45.51183795225619
            ],
            [
              -73.60775711047496,
              45.511516961387805
            ],
            [
              -73.60758641040891,
              45.51118263547332
            ],
            [
              -73.60746329381061,
              45.510838194254056
            ],
            [
              -73.60738894636016,
              45.51048695488725
            ],
            [
              -73.60736408406419,
              45.5101323
            ],
            [
              -73.60738894636016,
              45.509777645112756
            ],
            [
              -73.60746329381061,
              45.50942640574595
            ],
            [
              -73.60758641040891,
              45.509081964526686
            ],
            [
              -73.60775711047496,
              45.5087476386122
            ],
            [
              -73.60797375007378,
              45.50842664774382
            ],
            [
              -73.60823424284762,
              45.508122083239066
            ],
            [
              -73.60853608010864,
              45.507836878220616
            ],
            [
              -73.60887635499905,
              45.507573779368705
            ],
            [
              -73.60925179048563,
              45.50733532046911
            ],
            [
              -73.60965877091941,
              45.50712379801138
            ],
            [
              -73.61009337685633,
              45.506941249072405
            ],
            [
              -73.61055142280364,
              45.50678943169828
            ],
            [
              -73.61102849752848,
              45.506669807973296
            ],
            [
              -73.61152000654045,
              45.50658352993932
            ],
            [
              -73.61202121633906,
              45.50653142850098
            ],
            [
              -73.6125273,
              45.50651400542361
            ],
            [
              -73.61303338366093,
              45.50653142850098
            ],
            [
              -73.61353459345955,
              45.50658352993932
            ],
            [
              -73.61402610247151,
              45.506669807973296
            ],
            [
              -73.61450317719635,
              45.50678943169828
            ],
            [
              -73.61496122314367,
              45.506941249072405
            ],
            [
              -73.61539582908058,
              45.50712379801138
            ],
            [
              -73.61580280951436,
              45.50733532046911
            ],
            [
              -73.61617824500094,
              45.507573779368705
            ],
            [
              -73.61651851989136,
              45.507836878220616
            ],
            [
              -73.61682035715238,
              45.508122083239066
            ],
            [
              -73.61708084992621,
              45.50842664774382
            ],
            [
              -73.61729748952503,
              45.5087476386122
            ],
            [
              -73.61746818959108,
              45.509081964526686
            ],
            [
              -73.61759130618938,
              45.50942640574595
            ],
            [
              -73.61766565363983,
              45.509777645112756
            ],
            [
              -73.6176905159358,
              45.5101323
            ],
            [
              -73.61766565363983,
              45.51048695488725
            ],
            [
              -73.61759130618938,
              45.510838194254056
            ],
            [
              -73.61746818959108,
              45.51118263547332
            ],
            [
              -73.61729748952503,
              45.511516961387805
            ],
            [
              -73.61708084992621,
              45.51183795225619
            ],
            [
              -73.61682035715238,
              45.51214251676094
            ],
            [
              -73.61651851989136,
              45.51242772177939
            ],
            [
              -73.61617824500094,
              45.5126908206313
            ],
            [
              -73.61580280951436,
              45.512929279530894
            ],
            [
              -73.61539582908058,
              45.51314080198863
            ],
            [
              -73.61496122314367,
              45.5133233509276
            ],
            [
              -73.61450317719635,
              45.513475168301724
            ],
            [
              -73.61402610247151,
              45.51359479202671
            ],
            [
              -73.61353459345955,
              45.513681070060684
            ],
            [
              -73.61303338366093,
              45.51373317149903
            ],
            [
              -73.6125273,
              45.51375059457639
            ]
          ]
        ]
      },
      "properties": {
        "name": "Édouard-Montpetit",
        "system": "Metro",
        "zone": "A",
        "featureType": "hidingZone",
        "radiusMiles": 0.25,
        "lines": [
          "Blue"
        ]
      }
    },
    {
      "type": "Feature",
      "geometry": {
        "type": "Point",
        "coordinates": [
          -73.617581,
          45.503439
        ]
      },
      "properties": {
        "name": "Université-de-Montréal",
        "system": "Metro",
        "zone": "A",
        "featureType": "station",
        "lines": [
          "Blue"
        ]
      }
    },
    {
      "type": "Feature",
      "geometry": {
        "type": "Polygon",
        "coordinates": [
          [
            [
              -73.617581,
              45.50705729457639
            ],
            [
              -73.61707497651146,
              45.507039871499025
            ],
            [
              -73.61657382630574,
              45.50698777006068
            ],
            [
              -73.61608237573327,
              45.50690149202671
            ],
            [
              -73.61560535773172,
              45.50678186830172
            ],
            [
              -73.61514736624521,
              45.5066300509276
            ],
            [
              -73.61471281198212,
              45.506447501988625
            ],
            [
              -73.61430587993755,
              45.50623597953089
            ],
            [
              -73.61393048908954,
              45.5059975206313
            ],
            [
              -73.61359025465718,
              45.50573442177939
            ],
            [
              -73.61328845328403,
              45.50544921676094
            ],
            [
              -73.6130279914823,
              45.505144652256185
            ],
            [
              -73.61281137764152,
              45.5048236613878
            ],
            [
              -73.6126406978714,
              45.504489335473316
            ],
            [
              -73.61251759591141,
              45.504144894254054
            ],
            [
              -73.61244325730074,
              45.50379365488725
            ],
            [
              -73.61241839796084,
              45.503439
            ],
            [
              -73.61244325730074,
              45.503084345112754
            ],
            [
              -73.61251759591141,
              45.502733105745946
            ],
            [
              -73.6126406978714,
              45.502388664526684
            ],
            [
              -73.61281137764152,
              45.5020543386122
            ],
            [
              -73.6130279914823,
              45.501733347743816
            ],
            [
              -73.61328845328403,
              45.501428783239064
            ],
            [
              -73.61359025465718,
              45.50114357822061
            ],
            [
              -73.61393048908954,
              45.5008804793687
            ],
            [
              -73.61430587993755,
              45.50064202046911
            ],
            [
              -73.61471281198212,
              45.500430498011376
            ],
            [
              -73.61514736624521,
              45.5002479490724
            ],
            [
              -73.61560535773172,
              45.50009613169828
            ],
            [
              -73.61608237573327,
              45.499976507973294
            ],
            [
              -73.61657382630574,
              45.49989022993932
            ],
            [
              -73.61707497651146,
              45.499838128500976
            ],
            [
              -73.617581,
              45.49982070542361
            ],
            [
              -73.61808702348854,
              45.499838128500976
            ],
            [
              -73.61858817369426,
              45.49989022993932
            ],
            [
              -73.61907962426673,
              45.499976507973294
            ],
            [
              -73.61955664226828,
              45.50009613169828
            ],
            [
              -73.62001463375479,
              45.5002479490724
            ],
            [
              -73.62044918801789,
              45.500430498011376
            ],
            [
              -73.62085612006246,
              45.50064202046911
            ],
            [
              -73.62123151091046,
              45.5008804793687
            ],
            [
              -73.62157174534282,
              45.50114357822061
            ],
            [
              -73.62187354671597,
              45.501428783239064
            ],
            [
              -73.6221340085177,
              45.501733347743816
            ],
            [
              -73.62235062235848,
              45.5020543386122
            ],
            [
              -73.6225213021286,
              45.502388664526684
            ],
            [
              -73.62264440408859,
              45.502733105745946
            ],
            [
              -73.62271874269926,
              45.503084345112754
            ],
            [
              -73.62274360203917,
              45.503439
            ],
            [
              -73.62271874269926,
              45.50379365488725
            ],
            [
              -73.62264440408859,
              45.504144894254054
            ],
            [
              -73.6225213021286,
              45.504489335473316
            ],
            [
              -73.62235062235848,
              45.5048236613878
            ],
            [
              -73.6221340085177,
              45.505144652256185
            ],
            [
              -73.62187354671597,
              45.50544921676094
            ],
            [
              -73.62157174534282,
              45.50573442177939
            ],
            [
              -73.62123151091046,
              45.5059975206313
            ],
            [
              -73.62085612006246,
              45.50623597953089
            ],
            [
              -73.62044918801789,
              45.506447501988625
            ],
            [
              -73.62001463375479,
              45.5066300509276
            ],
            [
              -73.61955664226828,
              45.50678186830172
            ],
            [
              -73.61907962426673,
              45.50690149202671
            ],
            [
              -73.61858817369426,
              45.50698777006068
            ],
            [
              -73.61808702348854,
              45.507039871499025
            ],
            [
              -73.617581,
              45.50705729457639
            ]
          ]
        ]
      },
      "properties": {
        "name": "Université-de-Montréal",
        "system": "Metro",
        "zone": "A",
        "featureType": "hidingZone",
        "radiusMiles": 0.25,
        "lines": [
          "Blue"
        ]
      }
    },
    {
      "type": "Feature",
      "geometry": {
        "type": "Point",
        "coordinates": [
          -73.6832845,
          45.5142942
        ]
      },
      "properties": {
        "name": "Côte-Vertu",
        "system": "Metro",
        "zone": "A",
        "featureType": "station",
        "lines": [
          "Orange"
        ]
      }
    },
    {
      "type": "Feature",
      "geometry": {
        "type": "Polygon",
        "coordinates": [
          [
            [
              -73.6832845,
              45.51791249457639
            ],
            [
              -73.68277837891311,
              45.51789507149903
            ],
            [
              -73.68227713204898,
              45.517842970060684
            ],
            [
              -73.68178558668889,
              45.51775669202671
            ],
            [
              -73.68130847668337,
              45.517637068301724
            ],
            [
              -73.68085039686261,
              45.5174852509276
            ],
            [
              -73.68041575878567,
              45.517302701988626
            ],
            [
              -73.68000874825483,
              45.517091179530894
            ],
            [
              -73.67963328500402,
              45.5168527206313
            ],
            [
              -73.67929298494956,
              45.51658962177939
            ],
            [
              -73.67899112536703,
              45.51630441676094
            ],
            [
              -73.67873061332921,
              45.515999852256186
            ],
            [
              -73.67851395770944,
              45.515678861387805
            ],
            [
              -73.67834324501978,
              45.51534453547332
            ],
            [
              -73.67822011931672,
              45.515000094254056
            ],
            [
              -73.67814576636813,
              45.51464885488725
            ],
            [
              -73.67812090223353,
              45.5142942
            ],
            [
              -73.67814576636813,
              45.513939545112756
            ],
            [
              -73.67822011931672,
              45.51358830574595
            ],
            [
              -73.67834324501978,
              45.513243864526686
            ],
            [
              -73.67851395770944,
              45.5129095386122
            ],
            [
              -73.67873061332921,
              45.51258854774382
            ],
            [
              -73.67899112536703,
              45.512283983239065
            ],
            [
              -73.67929298494956,
              45.511998778220615
            ],
            [
              -73.67963328500402,
              45.511735679368705
            ],
            [
              -73.68000874825483,
              45.51149722046911
            ],
            [
              -73.68041575878567,
              45.51128569801138
            ],
            [
              -73.68085039686261,
              45.511103149072405
            ],
            [
              -73.68130847668337,
              45.51095133169828
            ],
            [
              -73.68178558668889,
              45.510831707973296
            ],
            [
              -73.68227713204898,
              45.51074542993932
            ],
            [
              -73.68277837891311,
              45.51069332850098
            ],
            [
              -73.6832845,
              45.51067590542361
            ],
            [
              -73.68379062108689,
              45.51069332850098
            ],
            [
              -73.68429186795102,
              45.51074542993932
            ],
            [
              -73.68478341331111,
              45.510831707973296
            ],
            [
              -73.68526052331663,
              45.51095133169828
            ],
            [
              -73.68571860313739,
              45.511103149072405
            ],
            [
              -73.68615324121433,
              45.51128569801138
            ],
            [
              -73.68656025174516,
              45.51149722046911
            ],
            [
              -73.68693571499598,
              45.511735679368705
            ],
            [
              -73.68727601505044,
              45.511998778220615
            ],
            [
              -73.68757787463296,
              45.512283983239065
            ],
            [
              -73.68783838667079,
              45.51258854774382
            ],
            [
              -73.68805504229056,
              45.5129095386122
            ],
            [
              -73.68822575498022,
              45.513243864526686
            ],
            [
              -73.68834888068328,
              45.51358830574595
            ],
            [
              -73.68842323363187,
              45.513939545112756
            ],
            [
              -73.68844809776647,
              45.5142942
            ],
            [
              -73.68842323363187,
              45.51464885488725
            ],
            [
              -73.68834888068328,
              45.515000094254056
            ],
            [
              -73.68822575498022,
              45.51534453547332
            ],
            [
              -73.68805504229056,
              45.515678861387805
            ],
            [
              -73.68783838667079,
              45.515999852256186
            ],
            [
              -73.68757787463296,
              45.51630441676094
            ],
            [
              -73.68727601505044,
              45.51658962177939
            ],
            [
              -73.68693571499598,
              45.5168527206313
            ],
            [
              -73.68656025174516,
              45.517091179530894
            ],
            [
              -73.68615324121433,
              45.517302701988626
            ],
            [
              -73.68571860313739,
              45.5174852509276
            ],
            [
              -73.68526052331663,
              45.517637068301724
            ],
            [
              -73.68478341331111,
              45.51775669202671
            ],
            [
              -73.68429186795102,
              45.517842970060684
            ],
            [
              -73.68379062108689,
              45.51789507149903
            ],
            [
              -73.6832845,
              45.51791249457639
            ]
          ]
        ]
      },
      "properties": {
        "name": "Côte-Vertu",
        "system": "Metro",
        "zone": "A",
        "featureType": "hidingZone",
        "radiusMiles": 0.25,
        "lines": [
          "Orange"
        ]
      }
    },
    {
      "type": "Feature",
      "geometry": {
        "type": "Point",
        "coordinates": [
          -73.6728291,
          45.5084616
        ]
      },
      "properties": {
        "name": "Du Collège",
        "system": "Metro",
        "zone": "A",
        "featureType": "station",
        "lines": [
          "Orange"
        ]
      }
    },
    {
      "type": "Feature",
      "geometry": {
        "type": "Polygon",
        "coordinates": [
          [
            [
              -73.6728291,
              45.51207989457639
            ],
            [
              -73.67232303136056,
              45.51206247149902
            ],
            [
              -73.67182183643875,
              45.51201037006068
            ],
            [
              -73.67133034201566,
              45.5119240920267
            ],
            [
              -73.67085328145129,
              45.51180446830172
            ],
            [
              -73.67039524909961,
              45.511652650927594
            ],
            [
              -73.66996065606259,
              45.51147010198862
            ],
            [
              -73.66955368770874,
              45.51125857953089
            ],
            [
              -73.66917826336577,
              45.511020120631294
            ],
            [
              -73.66883799857534,
              45.51075702177938
            ],
            [
              -73.66853617027338,
              45.51047181676093
            ],
            [
              -73.66827568523146,
              45.51016725225618
            ],
            [
              -73.6680590520629,
              45.5098462613878
            ],
            [
              -73.66788835706355,
              45.50951193547331
            ],
            [
              -73.66776524411956,
              45.50916749425405
            ],
            [
              -73.66769089887589,
              45.50881625488724
            ],
            [
              -73.66766603731786,
              45.5084616
            ],
            [
              -73.66769089887589,
              45.50810694511275
            ],
            [
              -73.66776524411956,
              45.50775570574594
            ],
            [
              -73.66788835706355,
              45.50741126452668
            ],
            [
              -73.6680590520629,
              45.507076938612194
            ],
            [
              -73.66827568523146,
              45.50675594774381
            ],
            [
              -73.66853617027338,
              45.50645138323906
            ],
            [
              -73.66883799857534,
              45.50616617822061
            ],
            [
              -73.66917826336577,
              45.5059030793687
            ],
            [
              -73.66955368770874,
              45.505664620469105
            ],
            [
              -73.66996065606259,
              45.50545309801137
            ],
            [
              -73.67039524909961,
              45.5052705490724
            ],
            [
              -73.67085328145129,
              45.505118731698275
            ],
            [
              -73.67133034201566,
              45.50499910797329
            ],
            [
              -73.67182183643875,
              45.504912829939315
            ],
            [
              -73.67232303136056,
              45.50486072850097
            ],
            [
              -73.6728291,
              45.504843305423606
            ],
            [
              -73.67333516863944,
              45.50486072850097
            ],
            [
              -73.67383636356125,
              45.504912829939315
            ],
            [
              -73.67432785798434,
              45.50499910797329
            ],
            [
              -73.67480491854872,
              45.505118731698275
            ],
            [
              -73.67526295090039,
              45.5052705490724
            ],
            [
              -73.67569754393742,
              45.50545309801137
            ],
            [
              -73.67610451229126,
              45.505664620469105
            ],
            [
              -73.67647993663424,
              45.5059030793687
            ],
            [
              -73.67682020142466,
              45.50616617822061
            ],
            [
              -73.67712202972662,
              45.50645138323906
            ],
            [
              -73.67738251476854,
              45.50675594774381
            ],
            [
              -73.6775991479371,
              45.507076938612194
            ],
            [
              -73.67776984293646,
              45.50741126452668
            ],
            [
              -73.67789295588044,
              45.50775570574594
            ],
            [
              -73.67796730112411,
              45.50810694511275
            ],
            [
              -73.67799216268214,
              45.5084616
            ],
            [
              -73.67796730112411,
              45.50881625488724
            ],
            [
              -73.67789295588044,
              45.50916749425405
            ],
            [
              -73.67776984293646,
              45.50951193547331
            ],
            [
              -73.6775991479371,
              45.5098462613878
            ],
            [
              -73.67738251476854,
              45.51016725225618
            ],
            [
              -73.67712202972662,
              45.51047181676093
            ],
            [
              -73.67682020142466,
              45.51075702177938
            ],
            [
              -73.67647993663424,
              45.511020120631294
            ],
            [
              -73.67610451229126,
              45.51125857953089
            ],
            [
              -73.67569754393742,
              45.51147010198862
            ],
            [
              -73.67526295090039,
              45.511652650927594
            ],
            [
              -73.67480491854872,
              45.51180446830172
            ],
            [
              -73.67432785798434,
              45.5119240920267
            ],
            [
              -73.67383636356125,
              45.51201037006068
            ],
            [
              -73.67333516863944,
              45.51206247149902
            ],
            [
              -73.6728291,
              45.51207989457639
            ]
          ]
        ]
      },
      "properties": {
        "name": "Du Collège",
        "system": "Metro",
        "zone": "A",
        "featureType": "hidingZone",
        "radiusMiles": 0.25,
        "lines": [
          "Orange"
        ]
      }
    },
    {
      "type": "Feature",
      "geometry": {
        "type": "Point",
        "coordinates": [
          -73.6615981,
          45.5003824
        ]
      },
      "properties": {
        "name": "De La Savane",
        "system": "Metro",
        "zone": "A",
        "featureType": "station",
        "lines": [
          "Orange"
        ]
      }
    },
    {
      "type": "Feature",
      "geometry": {
        "type": "Polygon",
        "coordinates": [
          [
            [
              -73.6615981,
              45.50400069457639
            ],
            [
              -73.66109210398308,
              45.503983271499024
            ],
            [
              -73.6605909809844,
              45.50393117006068
            ],
            [
              -73.66009955709238,
              45.503844892026706
            ],
            [
              -73.65962256498776,
              45.50372526830172
            ],
            [
              -73.65916459836524,
              45.5035734509276
            ],
            [
              -73.65873006769374,
              45.503390901988624
            ],
            [
              -73.6583231577412,
              45.50317937953089
            ],
            [
              -73.65794778727285,
              45.502940920631296
            ],
            [
              -73.65760757131154,
              45.502677821779386
            ],
            [
              -73.65730578632294,
              45.502392616760936
            ],
            [
              -73.65704533866148,
              45.502088052256184
            ],
            [
              -73.6568287365805,
              45.5017670613878
            ],
            [
              -73.65665806607643,
              45.501432735473315
            ],
            [
              -73.65653497079956,
              45.50108829425405
            ],
            [
              -73.65646063622466,
              45.500737054887246
            ],
            [
              -73.65643577823435,
              45.5003824
            ],
            [
              -73.65646063622466,
              45.50002774511275
            ],
            [
              -73.65653497079956,
              45.499676505745946
            ],
            [
              -73.65665806607643,
              45.49933206452668
            ],
            [
              -73.6568287365805,
              45.498997738612196
            ],
            [
              -73.65704533866148,
              45.498676747743815
            ],
            [
              -73.65730578632294,
              45.49837218323906
            ],
            [
              -73.65760757131154,
              45.49808697822061
            ],
            [
              -73.65794778727285,
              45.4978238793687
            ],
            [
              -73.6583231577412,
              45.49758542046911
            ],
            [
              -73.65873006769374,
              45.497373898011375
            ],
            [
              -73.65916459836524,
              45.4971913490724
            ],
            [
              -73.65962256498776,
              45.49703953169828
            ],
            [
              -73.66009955709238,
              45.49691990797329
            ],
            [
              -73.6605909809844,
              45.49683362993932
            ],
            [
              -73.66109210398308,
              45.496781528500975
            ],
            [
              -73.6615981,
              45.49676410542361
            ],
            [
              -73.66210409601693,
              45.496781528500975
            ],
            [
              -73.66260521901562,
              45.49683362993932
            ],
            [
              -73.66309664290763,
              45.49691990797329
            ],
            [
              -73.66357363501226,
              45.49703953169828
            ],
            [
              -73.66403160163478,
              45.4971913490724
            ],
            [
              -73.66446613230627,
              45.497373898011375
            ],
            [
              -73.66487304225882,
              45.49758542046911
            ],
            [
              -73.66524841272717,
              45.4978238793687
            ],
            [
              -73.66558862868847,
              45.49808697822061
            ],
            [
              -73.66589041367708,
              45.49837218323906
            ],
            [
              -73.66615086133854,
              45.498676747743815
            ],
            [
              -73.66636746341952,
              45.498997738612196
            ],
            [
              -73.66653813392358,
              45.49933206452668
            ],
            [
              -73.66666122920046,
              45.499676505745946
            ],
            [
              -73.66673556377535,
              45.50002774511275
            ],
            [
              -73.66676042176566,
              45.5003824
            ],
            [
              -73.66673556377535,
              45.500737054887246
            ],
            [
              -73.66666122920046,
              45.50108829425405
            ],
            [
              -73.66653813392358,
              45.501432735473315
            ],
            [
              -73.66636746341952,
              45.5017670613878
            ],
            [
              -73.66615086133854,
              45.502088052256184
            ],
            [
              -73.66589041367708,
              45.502392616760936
            ],
            [
              -73.66558862868847,
              45.502677821779386
            ],
            [
              -73.66524841272717,
              45.502940920631296
            ],
            [
              -73.66487304225882,
              45.50317937953089
            ],
            [
              -73.66446613230627,
              45.503390901988624
            ],
            [
              -73.66403160163478,
              45.5035734509276
            ],
            [
              -73.66357363501226,
              45.50372526830172
            ],
            [
              -73.66309664290763,
              45.503844892026706
            ],
            [
              -73.66260521901562,
              45.50393117006068
            ],
            [
              -73.66210409601693,
              45.503983271499024
            ],
            [
              -73.6615981,
              45.50400069457639
            ]
          ]
        ]
      },
      "properties": {
        "name": "De La Savane",
        "system": "Metro",
        "zone": "A",
        "featureType": "hidingZone",
        "radiusMiles": 0.25,
        "lines": [
          "Orange"
        ]
      }
    },
    {
      "type": "Feature",
      "geometry": {
        "type": "Point",
        "coordinates": [
          -73.6529072,
          45.4949329
        ]
      },
      "properties": {
        "name": "Namur",
        "system": "Metro",
        "zone": "A",
        "featureType": "station",
        "lines": [
          "Orange"
        ]
      }
    },
    {
      "type": "Feature",
      "geometry": {
        "type": "Polygon",
        "coordinates": [
          [
            [
              -73.6529072,
              45.49855119457639
            ],
            [
              -73.65240125295023,
              45.49853377149903
            ],
            [
              -73.65190017844711,
              45.498481670060684
            ],
            [
              -73.65140880211206,
              45.49839539202671
            ],
            [
              -73.65093185616776,
              45.498275768301724
            ],
            [
              -73.6504739338644,
              45.4981239509276
            ],
            [
              -73.65003944524409,
              45.497941401988626
            ],
            [
              -73.64963257466975,
              45.497729879530894
            ],
            [
              -73.64925724052745,
              45.4974914206313
            ],
            [
              -73.64891705749012,
              45.49722832177939
            ],
            [
              -73.6486153017064,
              45.49694311676094
            ],
            [
              -73.64835487924944,
              45.49663855225619
            ],
            [
              -73.64813829812985,
              45.496317561387805
            ],
            [
              -73.64796764414223,
              45.49598323547332
            ],
            [
              -73.64784456077776,
              45.495638794254056
            ],
            [
              -73.6477702333965,
              45.49528755488725
            ],
            [
              -73.6477453778118,
              45.4949329
            ],
            [
              -73.6477702333965,
              45.494578245112756
            ],
            [
              -73.64784456077776,
              45.49422700574595
            ],
            [
              -73.64796764414223,
              45.493882564526686
            ],
            [
              -73.64813829812985,
              45.4935482386122
            ],
            [
              -73.64835487924944,
              45.49322724774382
            ],
            [
              -73.6486153017064,
              45.492922683239065
            ],
            [
              -73.64891705749012,
              45.492637478220615
            ],
            [
              -73.64925724052745,
              45.492374379368705
            ],
            [
              -73.64963257466975,
              45.49213592046911
            ],
            [
              -73.65003944524409,
              45.49192439801138
            ],
            [
              -73.6504739338644,
              45.491741849072405
            ],
            [
              -73.65093185616776,
              45.49159003169828
            ],
            [
              -73.65140880211206,
              45.491470407973296
            ],
            [
              -73.65190017844711,
              45.49138412993932
            ],
            [
              -73.65240125295023,
              45.49133202850098
            ],
            [
              -73.6529072,
              45.49131460542361
            ],
            [
              -73.65341314704978,
              45.49133202850098
            ],
            [
              -73.6539142215529,
              45.49138412993932
            ],
            [
              -73.65440559788794,
              45.491470407973296
            ],
            [
              -73.65488254383224,
              45.49159003169828
            ],
            [
              -73.6553404661356,
              45.491741849072405
            ],
            [
              -73.65577495475591,
              45.49192439801138
            ],
            [
              -73.65618182533025,
              45.49213592046911
            ],
            [
              -73.65655715947256,
              45.492374379368705
            ],
            [
              -73.65689734250988,
              45.492637478220615
            ],
            [
              -73.6571990982936,
              45.492922683239065
            ],
            [
              -73.65745952075056,
              45.49322724774382
            ],
            [
              -73.65767610187015,
              45.4935482386122
            ],
            [
              -73.65784675585778,
              45.493882564526686
            ],
            [
              -73.65796983922225,
              45.49422700574595
            ],
            [
              -73.6580441666035,
              45.494578245112756
            ],
            [
              -73.6580690221882,
              45.4949329
            ],
            [
              -73.6580441666035,
              45.49528755488725
            ],
            [
              -73.65796983922225,
              45.495638794254056
            ],
            [
              -73.65784675585778,
              45.49598323547332
            ],
            [
              -73.65767610187015,
              45.496317561387805
            ],
            [
              -73.65745952075056,
              45.49663855225619
            ],
            [
              -73.6571990982936,
              45.49694311676094
            ],
            [
              -73.65689734250988,
              45.49722832177939
            ],
            [
              -73.65655715947256,
              45.4974914206313
            ],
            [
              -73.65618182533025,
              45.497729879530894
            ],
            [
              -73.65577495475591,
              45.497941401988626
            ],
            [
              -73.6553404661356,
              45.4981239509276
            ],
            [
              -73.65488254383224,
              45.498275768301724
            ],
            [
              -73.65440559788794,
              45.49839539202671
            ],
            [
              -73.6539142215529,
              45.498481670060684
            ],
            [
              -73.65341314704978,
              45.49853377149903
            ],
            [
              -73.6529072,
              45.49855119457639
            ]
          ]
        ]
      },
      "properties": {
        "name": "Namur",
        "system": "Metro",
        "zone": "A",
        "featureType": "hidingZone",
        "radiusMiles": 0.25,
        "lines": [
          "Orange"
        ]
      }
    },
    {
      "type": "Feature",
      "geometry": {
        "type": "Point",
        "coordinates": [
          -73.6379309,
          45.4943703
        ]
      },
      "properties": {
        "name": "Plamondon",
        "system": "Metro",
        "zone": "A",
        "featureType": "station",
        "lines": [
          "Orange"
        ]
      }
    },
    {
      "type": "Feature",
      "geometry": {
        "type": "Polygon",
        "coordinates": [
          [
            [
              -73.6379309,
              45.49798859457639
            ],
            [
              -73.63742495800473,
              45.497971171499024
            ],
            [
              -73.63692388850745,
              45.49791907006068
            ],
            [
              -73.63643251708135,
              45.497832792026706
            ],
            [
              -73.63595557590183,
              45.49771316830172
            ],
            [
              -73.63549765817321,
              45.4975613509276
            ],
            [
              -73.63506317389353,
              45.497378801988624
            ],
            [
              -73.6346563073839,
              45.49716727953089
            ],
            [
              -73.63428097699126,
              45.4969288206313
            ],
            [
              -73.63394079735244,
              45.49666572177939
            ],
            [
              -73.6336390445833,
              45.49638051676094
            ],
            [
              -73.63337862472802,
              45.496075952256184
            ],
            [
              -73.63316204577212,
              45.4957549613878
            ],
            [
              -73.63299139348936,
              45.495420635473316
            ],
            [
              -73.63286831135451,
              45.495076194254054
            ],
            [
              -73.63279398471582,
              45.494724954887246
            ],
            [
              -73.63276912937943,
              45.4943703
            ],
            [
              -73.63279398471582,
              45.49401564511275
            ],
            [
              -73.63286831135451,
              45.493664405745946
            ],
            [
              -73.63299139348936,
              45.493319964526684
            ],
            [
              -73.63316204577212,
              45.4929856386122
            ],
            [
              -73.63337862472802,
              45.492664647743815
            ],
            [
              -73.6336390445833,
              45.49236008323906
            ],
            [
              -73.63394079735244,
              45.49207487822061
            ],
            [
              -73.63428097699126,
              45.4918117793687
            ],
            [
              -73.6346563073839,
              45.49157332046911
            ],
            [
              -73.63506317389353,
              45.491361798011376
            ],
            [
              -73.63549765817321,
              45.4911792490724
            ],
            [
              -73.63595557590183,
              45.49102743169828
            ],
            [
              -73.63643251708135,
              45.490907807973294
            ],
            [
              -73.63692388850745,
              45.49082152993932
            ],
            [
              -73.63742495800473,
              45.490769428500975
            ],
            [
              -73.6379309,
              45.49075200542361
            ],
            [
              -73.63843684199527,
              45.490769428500975
            ],
            [
              -73.63893791149255,
              45.49082152993932
            ],
            [
              -73.63942928291866,
              45.490907807973294
            ],
            [
              -73.63990622409817,
              45.49102743169828
            ],
            [
              -73.6403641418268,
              45.4911792490724
            ],
            [
              -73.64079862610647,
              45.491361798011376
            ],
            [
              -73.6412054926161,
              45.49157332046911
            ],
            [
              -73.64158082300874,
              45.4918117793687
            ],
            [
              -73.64192100264756,
              45.49207487822061
            ],
            [
              -73.6422227554167,
              45.49236008323906
            ],
            [
              -73.64248317527198,
              45.492664647743815
            ],
            [
              -73.64269975422788,
              45.4929856386122
            ],
            [
              -73.64287040651064,
              45.493319964526684
            ],
            [
              -73.64299348864549,
              45.493664405745946
            ],
            [
              -73.64306781528418,
              45.49401564511275
            ],
            [
              -73.64309267062058,
              45.4943703
            ],
            [
              -73.64306781528418,
              45.494724954887246
            ],
            [
              -73.64299348864549,
              45.495076194254054
            ],
            [
              -73.64287040651064,
              45.495420635473316
            ],
            [
              -73.64269975422788,
              45.4957549613878
            ],
            [
              -73.64248317527198,
              45.496075952256184
            ],
            [
              -73.6422227554167,
              45.49638051676094
            ],
            [
              -73.64192100264756,
              45.49666572177939
            ],
            [
              -73.64158082300874,
              45.4969288206313
            ],
            [
              -73.6412054926161,
              45.49716727953089
            ],
            [
              -73.64079862610647,
              45.497378801988624
            ],
            [
              -73.6403641418268,
              45.4975613509276
            ],
            [
              -73.63990622409817,
              45.49771316830172
            ],
            [
              -73.63942928291866,
              45.497832792026706
            ],
            [
              -73.63893791149255,
              45.49791907006068
            ],
            [
              -73.63843684199527,
              45.497971171499024
            ],
            [
              -73.6379309,
              45.49798859457639
            ]
          ]
        ]
      },
      "properties": {
        "name": "Plamondon",
        "system": "Metro",
        "zone": "A",
        "featureType": "hidingZone",
        "radiusMiles": 0.25,
        "lines": [
          "Orange"
        ]
      }
    },
    {
      "type": "Feature",
      "geometry": {
        "type": "Point",
        "coordinates": [
          -73.6328602,
          45.4923747
        ]
      },
      "properties": {
        "name": "Côte-Sainte-Catherine",
        "system": "Metro",
        "zone": "A",
        "featureType": "station",
        "lines": [
          "Orange"
        ]
      }
    },
    {
      "type": "Feature",
      "geometry": {
        "type": "Polygon",
        "coordinates": [
          [
            [
              -73.6328602,
              45.49599299457639
            ],
            [
              -73.63235427593239,
              45.495975571499024
            ],
            [
              -73.63185322419012,
              45.49592347006068
            ],
            [
              -73.63136187017538,
              45.495837192026706
            ],
            [
              -73.63088494589591,
              45.49571756830172
            ],
            [
              -73.63042704439324,
              45.4955657509276
            ],
            [
              -73.62999257550918,
              45.49538320198862
            ],
            [
              -73.62958572341655,
              45.49517167953089
            ],
            [
              -73.62921040632345,
              45.494933220631296
            ],
            [
              -73.62887023873861,
              45.494670121779386
            ],
            [
              -73.62856849666187,
              45.494384916760936
            ],
            [
              -73.62830808603437,
              45.494080352256184
            ],
            [
              -73.62809151475278,
              45.4937593613878
            ],
            [
              -73.62792086851695,
              45.493425035473315
            ],
            [
              -73.62779779074341,
              45.49308059425405
            ],
            [
              -73.62772346673842,
              45.492729354887246
            ],
            [
              -73.62769861228276,
              45.4923747
            ],
            [
              -73.62772346673842,
              45.49202004511275
            ],
            [
              -73.62779779074341,
              45.491668805745945
            ],
            [
              -73.62792086851695,
              45.49132436452668
            ],
            [
              -73.62809151475278,
              45.490990038612196
            ],
            [
              -73.62830808603437,
              45.490669047743815
            ],
            [
              -73.62856849666187,
              45.49036448323906
            ],
            [
              -73.62887023873861,
              45.49007927822061
            ],
            [
              -73.62921040632345,
              45.4898161793687
            ],
            [
              -73.62958572341655,
              45.48957772046911
            ],
            [
              -73.62999257550918,
              45.489366198011375
            ],
            [
              -73.63042704439324,
              45.4891836490724
            ],
            [
              -73.63088494589591,
              45.48903183169828
            ],
            [
              -73.63136187017538,
              45.48891220797329
            ],
            [
              -73.63185322419012,
              45.48882592993932
            ],
            [
              -73.63235427593239,
              45.488773828500975
            ],
            [
              -73.6328602,
              45.48875640542361
            ],
            [
              -73.6333661240676,
              45.488773828500975
            ],
            [
              -73.63386717580987,
              45.48882592993932
            ],
            [
              -73.63435852982461,
              45.48891220797329
            ],
            [
              -73.63483545410408,
              45.48903183169828
            ],
            [
              -73.63529335560675,
              45.4891836490724
            ],
            [
              -73.63572782449081,
              45.489366198011375
            ],
            [
              -73.63613467658344,
              45.48957772046911
            ],
            [
              -73.63650999367654,
              45.4898161793687
            ],
            [
              -73.63685016126138,
              45.49007927822061
            ],
            [
              -73.63715190333812,
              45.49036448323906
            ],
            [
              -73.63741231396563,
              45.490669047743815
            ],
            [
              -73.63762888524721,
              45.490990038612196
            ],
            [
              -73.63779953148304,
              45.49132436452668
            ],
            [
              -73.63792260925658,
              45.491668805745945
            ],
            [
              -73.63799693326158,
              45.49202004511275
            ],
            [
              -73.63802178771724,
              45.4923747
            ],
            [
              -73.63799693326158,
              45.492729354887246
            ],
            [
              -73.63792260925658,
              45.49308059425405
            ],
            [
              -73.63779953148304,
              45.493425035473315
            ],
            [
              -73.63762888524721,
              45.4937593613878
            ],
            [
              -73.63741231396563,
              45.494080352256184
            ],
            [
              -73.63715190333812,
              45.494384916760936
            ],
            [
              -73.63685016126138,
              45.494670121779386
            ],
            [
              -73.63650999367654,
              45.494933220631296
            ],
            [
              -73.63613467658344,
              45.49517167953089
            ],
            [
              -73.63572782449081,
              45.49538320198862
            ],
            [
              -73.63529335560675,
              45.4955657509276
            ],
            [
              -73.63483545410408,
              45.49571756830172
            ],
            [
              -73.63435852982461,
              45.495837192026706
            ],
            [
              -73.63386717580987,
              45.49592347006068
            ],
            [
              -73.6333661240676,
              45.495975571499024
            ],
            [
              -73.6328602,
              45.49599299457639
            ]
          ]
        ]
      },
      "properties": {
        "name": "Côte-Sainte-Catherine",
        "system": "Metro",
        "zone": "A",
        "featureType": "hidingZone",
        "radiusMiles": 0.25,
        "lines": [
          "Orange"
        ]
      }
    },
    {
      "type": "Feature",
      "geometry": {
        "type": "Point",
        "coordinates": [
          -73.6038307,
          45.4738941
        ]
      },
      "properties": {
        "name": "Vendôme",
        "system": "Metro",
        "zone": "A",
        "featureType": "station",
        "lines": [
          "Orange"
        ]
      }
    },
    {
      "type": "Feature",
      "geometry": {
        "type": "Polygon",
        "coordinates": [
          [
            [
              -73.6038307,
              45.477512394576394
            ],
            [
              -73.60332494186514,
              45.47749497149903
            ],
            [
              -73.6028240544576,
              45.477442870060685
            ],
            [
              -73.6023328615969,
              45.47735659202671
            ],
            [
              -73.60185609373885,
              45.477236968301725
            ],
            [
              -73.6013983424185,
              45.4770851509276
            ],
            [
              -73.60096401603134,
              45.47690260198863
            ],
            [
              -73.60055729737789,
              45.476691079530895
            ],
            [
              -73.6001821033811,
              45.4764526206313
            ],
            [
              -73.59984204736428,
              45.47618952177939
            ],
            [
              -73.59954040425276,
              45.47590431676094
            ],
            [
              -73.59928007903461,
              45.47559975225619
            ],
            [
              -73.59906357878397,
              45.475278761387806
            ],
            [
              -73.59889298851661,
              45.47494443547332
            ],
            [
              -73.59876995111007,
              45.474599994254056
            ],
            [
              -73.59869565148183,
              45.47424875488725
            ],
            [
              -73.59867080517792,
              45.4738941
            ],
            [
              -73.59869565148183,
              45.473539445112756
            ],
            [
              -73.59876995111007,
              45.47318820574595
            ],
            [
              -73.59889298851661,
              45.47284376452669
            ],
            [
              -73.59906357878397,
              45.4725094386122
            ],
            [
              -73.59928007903461,
              45.47218844774382
            ],
            [
              -73.59954040425276,
              45.471883883239066
            ],
            [
              -73.59984204736428,
              45.471598678220616
            ],
            [
              -73.6001821033811,
              45.471335579368706
            ],
            [
              -73.60055729737789,
              45.47109712046911
            ],
            [
              -73.60096401603134,
              45.47088559801138
            ],
            [
              -73.6013983424185,
              45.470703049072405
            ],
            [
              -73.60185609373885,
              45.47055123169828
            ],
            [
              -73.6023328615969,
              45.470431607973296
            ],
            [
              -73.6028240544576,
              45.47034532993932
            ],
            [
              -73.60332494186514,
              45.47029322850098
            ],
            [
              -73.6038307,
              45.47027580542361
            ],
            [
              -73.60433645813487,
              45.47029322850098
            ],
            [
              -73.6048373455424,
              45.47034532993932
            ],
            [
              -73.6053285384031,
              45.470431607973296
            ],
            [
              -73.60580530626116,
              45.47055123169828
            ],
            [
              -73.6062630575815,
              45.470703049072405
            ],
            [
              -73.60669738396867,
              45.47088559801138
            ],
            [
              -73.60710410262212,
              45.47109712046911
            ],
            [
              -73.6074792966189,
              45.471335579368706
            ],
            [
              -73.60781935263573,
              45.471598678220616
            ],
            [
              -73.60812099574724,
              45.471883883239066
            ],
            [
              -73.60838132096539,
              45.47218844774382
            ],
            [
              -73.60859782121604,
              45.4725094386122
            ],
            [
              -73.6087684114834,
              45.47284376452669
            ],
            [
              -73.60889144888993,
              45.47318820574595
            ],
            [
              -73.60896574851817,
              45.473539445112756
            ],
            [
              -73.60899059482209,
              45.4738941
            ],
            [
              -73.60896574851817,
              45.47424875488725
            ],
            [
              -73.60889144888993,
              45.474599994254056
            ],
            [
              -73.6087684114834,
              45.47494443547332
            ],
            [
              -73.60859782121604,
              45.475278761387806
            ],
            [
              -73.60838132096539,
              45.47559975225619
            ],
            [
              -73.60812099574724,
              45.47590431676094
            ],
            [
              -73.60781935263573,
              45.47618952177939
            ],
            [
              -73.6074792966189,
              45.4764526206313
            ],
            [
              -73.60710410262212,
              45.476691079530895
            ],
            [
              -73.60669738396867,
              45.47690260198863
            ],
            [
              -73.6062630575815,
              45.4770851509276
            ],
            [
              -73.60580530626116,
              45.477236968301725
            ],
            [
              -73.6053285384031,
              45.47735659202671
            ],
            [
              -73.6048373455424,
              45.477442870060685
            ],
            [
              -73.60433645813487,
              45.47749497149903
            ],
            [
              -73.6038307,
              45.477512394576394
            ]
          ]
        ]
      },
      "properties": {
        "name": "Vendôme",
        "system": "Metro",
        "zone": "A",
        "featureType": "hidingZone",
        "radiusMiles": 0.25,
        "lines": [
          "Orange"
        ]
      }
    },
    {
      "type": "Feature",
      "geometry": {
        "type": "Point",
        "coordinates": [
          -73.5863775,
          45.4773938
        ]
      },
      "properties": {
        "name": "Place Saint-Henri",
        "system": "Metro",
        "zone": "A",
        "featureType": "station",
        "lines": [
          "Orange"
        ]
      }
    },
    {
      "type": "Feature",
      "geometry": {
        "type": "Polygon",
        "coordinates": [
          [
            [
              -73.5863775,
              45.48101209457639
            ],
            [
              -73.58587171045458,
              45.480994671499026
            ],
            [
              -73.585370791939,
              45.480942570060684
            ],
            [
              -73.58487956857235,
              45.48085629202671
            ],
            [
              -73.58440277110421,
              45.480736668301724
            ],
            [
              -73.58394499135483,
              45.4805848509276
            ],
            [
              -73.58351063799344,
              45.480402301988626
            ],
            [
              -73.58310389408037,
              45.48019077953089
            ],
            [
              -73.58272867678183,
              45.4799523206313
            ],
            [
              -73.58238859964554,
              45.47968922177939
            ],
            [
              -73.58208693780021,
              45.47940401676094
            ],
            [
              -73.58182659641433,
              45.479099452256186
            ],
            [
              -73.58161008271776,
              45.478778461387805
            ],
            [
              -73.58143948185575,
              45.47844413547332
            ],
            [
              -73.58131643680787,
              45.478099694254055
            ],
            [
              -73.58124213256518,
              45.47774845488725
            ],
            [
              -73.58121728471816,
              45.4773938
            ],
            [
              -73.58124213256518,
              45.477039145112755
            ],
            [
              -73.58131643680787,
              45.47668790574595
            ],
            [
              -73.58143948185575,
              45.476343464526686
            ],
            [
              -73.58161008271776,
              45.4760091386122
            ],
            [
              -73.58182659641433,
              45.47568814774382
            ],
            [
              -73.58208693780021,
              45.475383583239065
            ],
            [
              -73.58238859964554,
              45.475098378220615
            ],
            [
              -73.58272867678183,
              45.474835279368705
            ],
            [
              -73.58310389408037,
              45.47459682046911
            ],
            [
              -73.58351063799344,
              45.47438529801138
            ],
            [
              -73.58394499135483,
              45.474202749072404
            ],
            [
              -73.58440277110421,
              45.47405093169828
            ],
            [
              -73.58487956857235,
              45.473931307973295
            ],
            [
              -73.585370791939,
              45.47384502993932
            ],
            [
              -73.58587171045458,
              45.47379292850098
            ],
            [
              -73.5863775,
              45.47377550542361
            ],
            [
              -73.58688328954541,
              45.47379292850098
            ],
            [
              -73.587384208061,
              45.47384502993932
            ],
            [
              -73.58787543142765,
              45.473931307973295
            ],
            [
              -73.58835222889579,
              45.47405093169828
            ],
            [
              -73.58881000864517,
              45.474202749072404
            ],
            [
              -73.58924436200655,
              45.47438529801138
            ],
            [
              -73.58965110591963,
              45.47459682046911
            ],
            [
              -73.59002632321817,
              45.474835279368705
            ],
            [
              -73.59036640035445,
              45.475098378220615
            ],
            [
              -73.59066806219978,
              45.475383583239065
            ],
            [
              -73.59092840358566,
              45.47568814774382
            ],
            [
              -73.59114491728224,
              45.4760091386122
            ],
            [
              -73.59131551814424,
              45.476343464526686
            ],
            [
              -73.59143856319213,
              45.47668790574595
            ],
            [
              -73.59151286743482,
              45.477039145112755
            ],
            [
              -73.59153771528183,
              45.4773938
            ],
            [
              -73.59151286743482,
              45.47774845488725
            ],
            [
              -73.59143856319213,
              45.478099694254055
            ],
            [
              -73.59131551814424,
              45.47844413547332
            ],
            [
              -73.59114491728224,
              45.478778461387805
            ],
            [
              -73.59092840358566,
              45.479099452256186
            ],
            [
              -73.59066806219978,
              45.47940401676094
            ],
            [
              -73.59036640035445,
              45.47968922177939
            ],
            [
              -73.59002632321817,
              45.4799523206313
            ],
            [
              -73.58965110591963,
              45.48019077953089
            ],
            [
              -73.58924436200655,
              45.480402301988626
            ],
            [
              -73.58881000864517,
              45.4805848509276
            ],
            [
              -73.58835222889579,
              45.480736668301724
            ],
            [
              -73.58787543142765,
              45.48085629202671
            ],
            [
              -73.587384208061,
              45.480942570060684
            ],
            [
              -73.58688328954541,
              45.480994671499026
            ],
            [
              -73.5863775,
              45.48101209457639
            ]
          ]
        ]
      },
      "properties": {
        "name": "Place Saint-Henri",
        "system": "Metro",
        "zone": "A",
        "featureType": "hidingZone",
        "radiusMiles": 0.25,
        "lines": [
          "Orange"
        ]
      }
    },
    {
      "type": "Feature",
      "geometry": {
        "type": "Point",
        "coordinates": [
          -73.5764602,
          45.488951
        ]
      },
      "properties": {
        "name": "Georges-Vanier",
        "system": "Metro",
        "zone": "A",
        "featureType": "station",
        "lines": [
          "Orange"
        ]
      }
    },
    {
      "type": "Feature",
      "geometry": {
        "type": "Polygon",
        "coordinates": [
          [
            [
              -73.5764602,
              45.49256929457639
            ],
            [
              -73.57595430668515,
              45.492551871499025
            ],
            [
              -73.57545328539945,
              45.49249977006068
            ],
            [
              -73.5749619612518,
              45.49241349202671
            ],
            [
              -73.57448506596232,
              45.49229386830172
            ],
            [
              -73.57402719229334,
              45.4921420509276
            ],
            [
              -73.57359274981859,
              45.491959501988624
            ],
            [
              -73.5731859224566,
              45.49174797953089
            ],
            [
              -73.57281062817725,
              45.4915095206313
            ],
            [
              -73.5724704812696,
              45.49124642177939
            ],
            [
              -73.57216875753434,
              45.49096121676094
            ],
            [
              -73.57190836273597,
              45.490656652256185
            ],
            [
              -73.57169180461874,
              45.4903356613878
            ],
            [
              -73.5715211687557,
              45.490001335473316
            ],
            [
              -73.57139809846348,
              45.489656894254054
            ],
            [
              -73.57132377897629,
              45.48930565488725
            ],
            [
              -73.5712989260314,
              45.488951
            ],
            [
              -73.57132377897629,
              45.488596345112754
            ],
            [
              -73.57139809846348,
              45.488245105745946
            ],
            [
              -73.5715211687557,
              45.487900664526684
            ],
            [
              -73.57169180461874,
              45.4875663386122
            ],
            [
              -73.57190836273597,
              45.487245347743816
            ],
            [
              -73.57216875753434,
              45.48694078323906
            ],
            [
              -73.5724704812696,
              45.48665557822061
            ],
            [
              -73.57281062817725,
              45.4863924793687
            ],
            [
              -73.5731859224566,
              45.48615402046911
            ],
            [
              -73.57359274981859,
              45.485942498011376
            ],
            [
              -73.57402719229334,
              45.4857599490724
            ],
            [
              -73.57448506596232,
              45.48560813169828
            ],
            [
              -73.5749619612518,
              45.485488507973294
            ],
            [
              -73.57545328539945,
              45.48540222993932
            ],
            [
              -73.57595430668515,
              45.485350128500976
            ],
            [
              -73.5764602,
              45.48533270542361
            ],
            [
              -73.57696609331485,
              45.485350128500976
            ],
            [
              -73.57746711460055,
              45.48540222993932
            ],
            [
              -73.5779584387482,
              45.485488507973294
            ],
            [
              -73.57843533403768,
              45.48560813169828
            ],
            [
              -73.57889320770666,
              45.4857599490724
            ],
            [
              -73.57932765018141,
              45.485942498011376
            ],
            [
              -73.5797344775434,
              45.48615402046911
            ],
            [
              -73.58010977182275,
              45.4863924793687
            ],
            [
              -73.5804499187304,
              45.48665557822061
            ],
            [
              -73.58075164246566,
              45.48694078323906
            ],
            [
              -73.58101203726403,
              45.487245347743816
            ],
            [
              -73.58122859538126,
              45.4875663386122
            ],
            [
              -73.5813992312443,
              45.487900664526684
            ],
            [
              -73.58152230153652,
              45.488245105745946
            ],
            [
              -73.5815966210237,
              45.488596345112754
            ],
            [
              -73.5816214739686,
              45.488951
            ],
            [
              -73.5815966210237,
              45.48930565488725
            ],
            [
              -73.58152230153652,
              45.489656894254054
            ],
            [
              -73.5813992312443,
              45.490001335473316
            ],
            [
              -73.58122859538126,
              45.4903356613878
            ],
            [
              -73.58101203726403,
              45.490656652256185
            ],
            [
              -73.58075164246566,
              45.49096121676094
            ],
            [
              -73.5804499187304,
              45.49124642177939
            ],
            [
              -73.58010977182275,
              45.4915095206313
            ],
            [
              -73.5797344775434,
              45.49174797953089
            ],
            [
              -73.57932765018141,
              45.491959501988624
            ],
            [
              -73.57889320770666,
              45.4921420509276
            ],
            [
              -73.57843533403768,
              45.49229386830172
            ],
            [
              -73.5779584387482,
              45.49241349202671
            ],
            [
              -73.57746711460055,
              45.49249977006068
            ],
            [
              -73.57696609331485,
              45.492551871499025
            ],
            [
              -73.5764602,
              45.49256929457639
            ]
          ]
        ]
      },
      "properties": {
        "name": "Georges-Vanier",
        "system": "Metro",
        "zone": "A",
        "featureType": "hidingZone",
        "radiusMiles": 0.25,
        "lines": [
          "Orange"
        ]
      }
    },
    {
      "type": "Feature",
      "geometry": {
        "type": "Point",
        "coordinates": [
          -73.5669583,
          45.4981853
        ]
      },
      "properties": {
        "name": "Bonaventure",
        "system": "Metro",
        "zone": "A",
        "featureType": "station",
        "lines": [
          "Orange"
        ]
      }
    },
    {
      "type": "Feature",
      "geometry": {
        "type": "Polygon",
        "coordinates": [
          [
            [
              -73.5669583,
              45.501803594576394
            ],
            [
              -73.56645232372706,
              45.50178617149903
            ],
            [
              -73.56595122028224,
              45.501734070060685
            ],
            [
              -73.56545981556563,
              45.50164779202671
            ],
            [
              -73.56498284207328,
              45.501528168301725
            ],
            [
              -73.56452489332064,
              45.5013763509276
            ],
            [
              -73.56409037960458,
              45.50119380198863
            ],
            [
              -73.56368348552968,
              45.500982279530895
            ],
            [
              -73.56330812970832,
              45.5007438206313
            ],
            [
              -73.56296792702226,
              45.50048072177939
            ],
            [
              -73.56266615380935,
              45.50019551676094
            ],
            [
              -73.56240571631056,
              45.49989095225619
            ],
            [
              -73.5621891226814,
              45.499569961387806
            ],
            [
              -73.56201845883692,
              45.49923563547332
            ],
            [
              -73.56189536836324,
              45.49889119425406
            ],
            [
              -73.56182103668888,
              45.49853995488725
            ],
            [
              -73.56179617966853,
              45.4981853
            ],
            [
              -73.56182103668888,
              45.49783064511276
            ],
            [
              -73.56189536836324,
              45.49747940574595
            ],
            [
              -73.56201845883692,
              45.49713496452669
            ],
            [
              -73.5621891226814,
              45.4968006386122
            ],
            [
              -73.56240571631056,
              45.49647964774382
            ],
            [
              -73.56266615380935,
              45.496175083239066
            ],
            [
              -73.56296792702226,
              45.495889878220616
            ],
            [
              -73.56330812970832,
              45.495626779368706
            ],
            [
              -73.56368348552968,
              45.49538832046911
            ],
            [
              -73.56409037960458,
              45.49517679801138
            ],
            [
              -73.56452489332064,
              45.494994249072406
            ],
            [
              -73.56498284207328,
              45.49484243169828
            ],
            [
              -73.56545981556563,
              45.4947228079733
            ],
            [
              -73.56595122028224,
              45.49463652993932
            ],
            [
              -73.56645232372706,
              45.49458442850098
            ],
            [
              -73.5669583,
              45.49456700542361
            ],
            [
              -73.56746427627293,
              45.49458442850098
            ],
            [
              -73.56796537971775,
              45.49463652993932
            ],
            [
              -73.56845678443436,
              45.4947228079733
            ],
            [
              -73.56893375792671,
              45.49484243169828
            ],
            [
              -73.56939170667935,
              45.494994249072406
            ],
            [
              -73.56982622039541,
              45.49517679801138
            ],
            [
              -73.57023311447031,
              45.49538832046911
            ],
            [
              -73.57060847029167,
              45.495626779368706
            ],
            [
              -73.57094867297774,
              45.495889878220616
            ],
            [
              -73.57125044619065,
              45.496175083239066
            ],
            [
              -73.57151088368943,
              45.49647964774382
            ],
            [
              -73.57172747731859,
              45.4968006386122
            ],
            [
              -73.57189814116308,
              45.49713496452669
            ],
            [
              -73.57202123163675,
              45.49747940574595
            ],
            [
              -73.57209556331111,
              45.49783064511276
            ],
            [
              -73.57212042033146,
              45.4981853
            ],
            [
              -73.57209556331111,
              45.49853995488725
            ],
            [
              -73.57202123163675,
              45.49889119425406
            ],
            [
              -73.57189814116308,
              45.49923563547332
            ],
            [
              -73.57172747731859,
              45.499569961387806
            ],
            [
              -73.57151088368943,
              45.49989095225619
            ],
            [
              -73.57125044619065,
              45.50019551676094
            ],
            [
              -73.57094867297774,
              45.50048072177939
            ],
            [
              -73.57060847029167,
              45.5007438206313
            ],
            [
              -73.57023311447031,
              45.500982279530895
            ],
            [
              -73.56982622039541,
              45.50119380198863
            ],
            [
              -73.56939170667935,
              45.5013763509276
            ],
            [
              -73.56893375792671,
              45.501528168301725
            ],
            [
              -73.56845678443436,
              45.50164779202671
            ],
            [
              -73.56796537971775,
              45.501734070060685
            ],
            [
              -73.56746427627293,
              45.50178617149903
            ],
            [
              -73.5669583,
              45.501803594576394
            ]
          ]
        ]
      },
      "properties": {
        "name": "Bonaventure",
        "system": "Metro",
        "zone": "A",
        "featureType": "hidingZone",
        "radiusMiles": 0.25,
        "lines": [
          "Orange"
        ]
      }
    },
    {
      "type": "Feature",
      "geometry": {
        "type": "Point",
        "coordinates": [
          -73.5631107,
          45.50209
        ]
      },
      "properties": {
        "name": "Square-Victoria-OACI",
        "system": "Metro",
        "zone": "A",
        "featureType": "station",
        "lines": [
          "Orange"
        ]
      }
    },
    {
      "type": "Feature",
      "geometry": {
        "type": "Polygon",
        "coordinates": [
          [
            [
              -73.5631107,
              45.505708294576394
            ],
            [
              -73.56260468863633,
              45.50569087149903
            ],
            [
              -73.56210355043869,
              45.505638770060685
            ],
            [
              -73.5616121116419,
              45.50555249202671
            ],
            [
              -73.56113510507022,
              45.505432868301725
            ],
            [
              -73.56067712455769,
              45.5052810509276
            ],
            [
              -73.56024258070698,
              45.50509850198863
            ],
            [
              -73.55983565841294,
              45.504886979530895
            ],
            [
              -73.5594602765597,
              45.5046485206313
            ],
            [
              -73.55912005027972,
              45.50438542177939
            ],
            [
              -73.55881825613805,
              45.50410021676094
            ],
            [
              -73.55855780057726,
              45.50379565225619
            ],
            [
              -73.55834119192679,
              45.503474661387806
            ],
            [
              -73.55817051624634,
              45.50314033547332
            ],
            [
              -73.55804741723601,
              45.50279589425406
            ],
            [
              -73.55797308040657,
              45.50244465488725
            ],
            [
              -73.55794822166233,
              45.50209
            ],
            [
              -73.55797308040657,
              45.501735345112756
            ],
            [
              -73.55804741723601,
              45.50138410574595
            ],
            [
              -73.55817051624634,
              45.50103966452669
            ],
            [
              -73.55834119192679,
              45.5007053386122
            ],
            [
              -73.55855780057726,
              45.50038434774382
            ],
            [
              -73.55881825613805,
              45.500079783239066
            ],
            [
              -73.55912005027972,
              45.499794578220616
            ],
            [
              -73.5594602765597,
              45.499531479368706
            ],
            [
              -73.55983565841294,
              45.49929302046911
            ],
            [
              -73.56024258070698,
              45.49908149801138
            ],
            [
              -73.56067712455769,
              45.498898949072405
            ],
            [
              -73.56113510507022,
              45.49874713169828
            ],
            [
              -73.5616121116419,
              45.498627507973296
            ],
            [
              -73.56210355043869,
              45.49854122993932
            ],
            [
              -73.56260468863633,
              45.49848912850098
            ],
            [
              -73.5631107,
              45.49847170542361
            ],
            [
              -73.56361671136366,
              45.49848912850098
            ],
            [
              -73.5641178495613,
              45.49854122993932
            ],
            [
              -73.56460928835808,
              45.498627507973296
            ],
            [
              -73.56508629492977,
              45.49874713169828
            ],
            [
              -73.5655442754423,
              45.498898949072405
            ],
            [
              -73.56597881929301,
              45.49908149801138
            ],
            [
              -73.56638574158706,
              45.49929302046911
            ],
            [
              -73.56676112344029,
              45.499531479368706
            ],
            [
              -73.56710134972028,
              45.499794578220616
            ],
            [
              -73.56740314386194,
              45.500079783239066
            ],
            [
              -73.56766359942273,
              45.50038434774382
            ],
            [
              -73.5678802080732,
              45.5007053386122
            ],
            [
              -73.56805088375366,
              45.50103966452669
            ],
            [
              -73.56817398276398,
              45.50138410574595
            ],
            [
              -73.56824831959342,
              45.501735345112756
            ],
            [
              -73.56827317833766,
              45.50209
            ],
            [
              -73.56824831959342,
              45.50244465488725
            ],
            [
              -73.56817398276398,
              45.50279589425406
            ],
            [
              -73.56805088375366,
              45.50314033547332
            ],
            [
              -73.5678802080732,
              45.503474661387806
            ],
            [
              -73.56766359942273,
              45.50379565225619
            ],
            [
              -73.56740314386194,
              45.50410021676094
            ],
            [
              -73.56710134972028,
              45.50438542177939
            ],
            [
              -73.56676112344029,
              45.5046485206313
            ],
            [
              -73.56638574158706,
              45.504886979530895
            ],
            [
              -73.56597881929301,
              45.50509850198863
            ],
            [
              -73.5655442754423,
              45.5052810509276
            ],
            [
              -73.56508629492977,
              45.505432868301725
            ],
            [
              -73.56460928835808,
              45.50555249202671
            ],
            [
              -73.5641178495613,
              45.505638770060685
            ],
            [
              -73.56361671136366,
              45.50569087149903
            ],
            [
              -73.5631107,
              45.505708294576394
            ]
          ]
        ]
      },
      "properties": {
        "name": "Square-Victoria-OACI",
        "system": "Metro",
        "zone": "A",
        "featureType": "hidingZone",
        "radiusMiles": 0.25,
        "lines": [
          "Orange"
        ]
      }
    },
    {
      "type": "Feature",
      "geometry": {
        "type": "Point",
        "coordinates": [
          -73.559605,
          45.5060856
        ]
      },
      "properties": {
        "name": "Place d’Armes",
        "system": "Metro",
        "zone": "A",
        "featureType": "station",
        "lines": [
          "Orange"
        ]
      }
    },
    {
      "type": "Feature",
      "geometry": {
        "type": "Polygon",
        "coordinates": [
          [
            [
              -73.559605,
              45.50970389457639
            ],
            [
              -73.55909895272121,
              45.50968647149902
            ],
            [
              -73.55859777895435,
              45.50963437006068
            ],
            [
              -73.55810630527677,
              45.509548092026705
            ],
            [
              -73.55762926484863,
              45.50942846830172
            ],
            [
              -73.55717125183006,
              45.509276650927596
            ],
            [
              -73.55673667713677,
              45.50909410198862
            ],
            [
              -73.55632972596065,
              45.50888257953089
            ],
            [
              -73.55595431746397,
              45.508644120631295
            ],
            [
              -73.55561406703579,
              45.508381021779385
            ],
            [
              -73.55531225147371,
              45.508095816760935
            ],
            [
              -73.5550517774266,
              45.50779125225618
            ],
            [
              -73.55483515340191,
              45.5074702613878
            ],
            [
              -73.55466446560742,
              45.507135935473315
            ],
            [
              -73.5545413578599,
              45.50679149425405
            ],
            [
              -73.55446701575427,
              45.506440254887245
            ],
            [
              -73.55444215524564,
              45.5060856
            ],
            [
              -73.55446701575427,
              45.50573094511275
            ],
            [
              -73.5545413578599,
              45.505379705745945
            ],
            [
              -73.55466446560742,
              45.50503526452668
            ],
            [
              -73.55483515340191,
              45.504700938612196
            ],
            [
              -73.5550517774266,
              45.504379947743814
            ],
            [
              -73.55531225147371,
              45.50407538323906
            ],
            [
              -73.55561406703579,
              45.50379017822061
            ],
            [
              -73.55595431746397,
              45.5035270793687
            ],
            [
              -73.55632972596065,
              45.50328862046911
            ],
            [
              -73.55673667713677,
              45.503077098011374
            ],
            [
              -73.55717125183006,
              45.5028945490724
            ],
            [
              -73.55762926484863,
              45.50274273169828
            ],
            [
              -73.55810630527677,
              45.50262310797329
            ],
            [
              -73.55859777895435,
              45.50253682993932
            ],
            [
              -73.55909895272121,
              45.502484728500974
            ],
            [
              -73.559605,
              45.50246730542361
            ],
            [
              -73.5601110472788,
              45.502484728500974
            ],
            [
              -73.56061222104566,
              45.50253682993932
            ],
            [
              -73.56110369472324,
              45.50262310797329
            ],
            [
              -73.56158073515138,
              45.50274273169828
            ],
            [
              -73.56203874816995,
              45.5028945490724
            ],
            [
              -73.56247332286324,
              45.503077098011374
            ],
            [
              -73.56288027403936,
              45.50328862046911
            ],
            [
              -73.56325568253604,
              45.5035270793687
            ],
            [
              -73.56359593296422,
              45.50379017822061
            ],
            [
              -73.5638977485263,
              45.50407538323906
            ],
            [
              -73.56415822257341,
              45.504379947743814
            ],
            [
              -73.5643748465981,
              45.504700938612196
            ],
            [
              -73.5645455343926,
              45.50503526452668
            ],
            [
              -73.5646686421401,
              45.505379705745945
            ],
            [
              -73.56474298424574,
              45.50573094511275
            ],
            [
              -73.56476784475437,
              45.5060856
            ],
            [
              -73.56474298424574,
              45.506440254887245
            ],
            [
              -73.5646686421401,
              45.50679149425405
            ],
            [
              -73.5645455343926,
              45.507135935473315
            ],
            [
              -73.5643748465981,
              45.5074702613878
            ],
            [
              -73.56415822257341,
              45.50779125225618
            ],
            [
              -73.5638977485263,
              45.508095816760935
            ],
            [
              -73.56359593296422,
              45.508381021779385
            ],
            [
              -73.56325568253604,
              45.508644120631295
            ],
            [
              -73.56288027403936,
              45.50888257953089
            ],
            [
              -73.56247332286324,
              45.50909410198862
            ],
            [
              -73.56203874816995,
              45.509276650927596
            ],
            [
              -73.56158073515138,
              45.50942846830172
            ],
            [
              -73.56110369472324,
              45.509548092026705
            ],
            [
              -73.56061222104566,
              45.50963437006068
            ],
            [
              -73.5601110472788,
              45.50968647149902
            ],
            [
              -73.559605,
              45.50970389457639
            ]
          ]
        ]
      },
      "properties": {
        "name": "Place d’Armes",
        "system": "Metro",
        "zone": "A",
        "featureType": "hidingZone",
        "radiusMiles": 0.25,
        "lines": [
          "Orange"
        ]
      }
    },
    {
      "type": "Feature",
      "geometry": {
        "type": "Point",
        "coordinates": [
          -73.556487,
          45.5101439
        ]
      },
      "properties": {
        "name": "Champ-de-Mars",
        "system": "Metro",
        "zone": "A",
        "featureType": "station",
        "lines": [
          "Orange"
        ]
      }
    },
    {
      "type": "Feature",
      "geometry": {
        "type": "Polygon",
        "coordinates": [
          [
            [
              -73.556487,
              45.513762194576394
            ],
            [
              -73.55598091623477,
              45.51374477149903
            ],
            [
              -73.55547970633285,
              45.513692670060685
            ],
            [
              -73.55498819721959,
              45.51360639202671
            ],
            [
              -73.55451112239642,
              45.513486768301725
            ],
            [
              -73.5540530763547,
              45.5133349509276
            ],
            [
              -73.55361847032822,
              45.51315240198863
            ],
            [
              -73.55321148981056,
              45.512940879530895
            ],
            [
              -73.55283605424661,
              45.5127024206313
            ],
            [
              -73.55249577928608,
              45.51243932177939
            ],
            [
              -73.55219394196284,
              45.51215411676094
            ],
            [
              -73.55193344913532,
              45.51184955225619
            ],
            [
              -73.55171680949185,
              45.511528561387806
            ],
            [
              -73.55154610939063,
              45.51119423547332
            ],
            [
              -73.55142299276694,
              45.51084979425406
            ],
            [
              -73.55134864530118,
              45.51049855488725
            ],
            [
              -73.55132378300007,
              45.5101439
            ],
            [
              -73.55134864530118,
              45.509789245112756
            ],
            [
              -73.55142299276694,
              45.50943800574595
            ],
            [
              -73.55154610939063,
              45.50909356452669
            ],
            [
              -73.55171680949185,
              45.5087592386122
            ],
            [
              -73.55193344913532,
              45.50843824774382
            ],
            [
              -73.55219394196284,
              45.508133683239066
            ],
            [
              -73.55249577928608,
              45.507848478220616
            ],
            [
              -73.55283605424661,
              45.507585379368706
            ],
            [
              -73.55321148981056,
              45.50734692046911
            ],
            [
              -73.55361847032822,
              45.50713539801138
            ],
            [
              -73.5540530763547,
              45.506952849072405
            ],
            [
              -73.55451112239642,
              45.50680103169828
            ],
            [
              -73.55498819721959,
              45.506681407973296
            ],
            [
              -73.55547970633285,
              45.50659512993932
            ],
            [
              -73.55598091623477,
              45.50654302850098
            ],
            [
              -73.556487,
              45.50652560542361
            ],
            [
              -73.55699308376524,
              45.50654302850098
            ],
            [
              -73.55749429366716,
              45.50659512993932
            ],
            [
              -73.55798580278042,
              45.506681407973296
            ],
            [
              -73.55846287760359,
              45.50680103169828
            ],
            [
              -73.5589209236453,
              45.506952849072405
            ],
            [
              -73.55935552967179,
              45.50713539801138
            ],
            [
              -73.55976251018944,
              45.50734692046911
            ],
            [
              -73.5601379457534,
              45.507585379368706
            ],
            [
              -73.56047822071393,
              45.507848478220616
            ],
            [
              -73.56078005803717,
              45.508133683239066
            ],
            [
              -73.56104055086469,
              45.50843824774382
            ],
            [
              -73.56125719050816,
              45.5087592386122
            ],
            [
              -73.56142789060938,
              45.50909356452669
            ],
            [
              -73.56155100723306,
              45.50943800574595
            ],
            [
              -73.56162535469883,
              45.509789245112756
            ],
            [
              -73.56165021699994,
              45.5101439
            ],
            [
              -73.56162535469883,
              45.51049855488725
            ],
            [
              -73.56155100723306,
              45.51084979425406
            ],
            [
              -73.56142789060938,
              45.51119423547332
            ],
            [
              -73.56125719050816,
              45.511528561387806
            ],
            [
              -73.56104055086469,
              45.51184955225619
            ],
            [
              -73.56078005803717,
              45.51215411676094
            ],
            [
              -73.56047822071393,
              45.51243932177939
            ],
            [
              -73.5601379457534,
              45.5127024206313
            ],
            [
              -73.55976251018944,
              45.512940879530895
            ],
            [
              -73.55935552967179,
              45.51315240198863
            ],
            [
              -73.5589209236453,
              45.5133349509276
            ],
            [
              -73.55846287760359,
              45.513486768301725
            ],
            [
              -73.55798580278042,
              45.51360639202671
            ],
            [
              -73.55749429366716,
              45.513692670060685
            ],
            [
              -73.55699308376524,
              45.51374477149903
            ],
            [
              -73.556487,
              45.513762194576394
            ]
          ]
        ]
      },
      "properties": {
        "name": "Champ-de-Mars",
        "system": "Metro",
        "zone": "A",
        "featureType": "hidingZone",
        "radiusMiles": 0.25,
        "lines": [
          "Orange"
        ]
      }
    },
    {
      "type": "Feature",
      "geometry": {
        "type": "Point",
        "coordinates": [
          -73.5680527,
          45.5187201
        ]
      },
      "properties": {
        "name": "Sherbrooke",
        "system": "Metro",
        "zone": "A",
        "featureType": "station",
        "lines": [
          "Orange"
        ]
      }
    },
    {
      "type": "Feature",
      "geometry": {
        "type": "Polygon",
        "coordinates": [
          [
            [
              -73.5680527,
              45.522338394576394
            ],
            [
              -73.56754653910414,
              45.52232097149903
            ],
            [
              -73.56704525281441,
              45.522268870060685
            ],
            [
              -73.5665536687918,
              45.52218259202671
            ],
            [
              -73.56607652125916,
              45.522062968301725
            ],
            [
              -73.56561840540812,
              45.5219111509276
            ],
            [
              -73.56518373314469,
              45.52172860198863
            ],
            [
              -73.56477669060043,
              45.521517079530895
            ],
            [
              -73.56440119781753,
              45.5212786206313
            ],
            [
              -73.56406087099677,
              45.52101552177939
            ],
            [
              -73.56375898767145,
              45.52073031676094
            ],
            [
              -73.56349845514305,
              45.52042575225619
            ],
            [
              -73.56328178248222,
              45.520104761387806
            ],
            [
              -73.56311105636513,
              45.51977043547332
            ],
            [
              -73.56298792097763,
              45.51942599425406
            ],
            [
              -73.56291356218081,
              45.51907475488725
            ],
            [
              -73.56288869609051,
              45.5187201
            ],
            [
              -73.56291356218081,
              45.51836544511276
            ],
            [
              -73.56298792097763,
              45.51801420574595
            ],
            [
              -73.56311105636513,
              45.51766976452669
            ],
            [
              -73.56328178248222,
              45.5173354386122
            ],
            [
              -73.56349845514305,
              45.51701444774382
            ],
            [
              -73.56375898767145,
              45.516709883239066
            ],
            [
              -73.56406087099677,
              45.516424678220616
            ],
            [
              -73.56440119781753,
              45.516161579368706
            ],
            [
              -73.56477669060043,
              45.51592312046911
            ],
            [
              -73.56518373314469,
              45.51571159801138
            ],
            [
              -73.56561840540812,
              45.515529049072406
            ],
            [
              -73.56607652125916,
              45.51537723169828
            ],
            [
              -73.5665536687918,
              45.5152576079733
            ],
            [
              -73.56704525281441,
              45.51517132993932
            ],
            [
              -73.56754653910414,
              45.51511922850098
            ],
            [
              -73.5680527,
              45.51510180542361
            ],
            [
              -73.56855886089585,
              45.51511922850098
            ],
            [
              -73.56906014718558,
              45.51517132993932
            ],
            [
              -73.5695517312082,
              45.5152576079733
            ],
            [
              -73.57002887874083,
              45.51537723169828
            ],
            [
              -73.57048699459187,
              45.515529049072406
            ],
            [
              -73.5709216668553,
              45.51571159801138
            ],
            [
              -73.57132870939957,
              45.51592312046911
            ],
            [
              -73.57170420218246,
              45.516161579368706
            ],
            [
              -73.57204452900322,
              45.516424678220616
            ],
            [
              -73.57234641232854,
              45.516709883239066
            ],
            [
              -73.57260694485694,
              45.51701444774382
            ],
            [
              -73.57282361751777,
              45.5173354386122
            ],
            [
              -73.57299434363486,
              45.51766976452669
            ],
            [
              -73.57311747902236,
              45.51801420574595
            ],
            [
              -73.57319183781918,
              45.51836544511276
            ],
            [
              -73.57321670390948,
              45.5187201
            ],
            [
              -73.57319183781918,
              45.51907475488725
            ],
            [
              -73.57311747902236,
              45.51942599425406
            ],
            [
              -73.57299434363486,
              45.51977043547332
            ],
            [
              -73.57282361751777,
              45.520104761387806
            ],
            [
              -73.57260694485694,
              45.52042575225619
            ],
            [
              -73.57234641232854,
              45.52073031676094
            ],
            [
              -73.57204452900322,
              45.52101552177939
            ],
            [
              -73.57170420218246,
              45.5212786206313
            ],
            [
              -73.57132870939957,
              45.521517079530895
            ],
            [
              -73.5709216668553,
              45.52172860198863
            ],
            [
              -73.57048699459187,
              45.5219111509276
            ],
            [
              -73.57002887874083,
              45.522062968301725
            ],
            [
              -73.5695517312082,
              45.52218259202671
            ],
            [
              -73.56906014718558,
              45.522268870060685
            ],
            [
              -73.56855886089585,
              45.52232097149903
            ],
            [
              -73.5680527,
              45.522338394576394
            ]
          ]
        ]
      },
      "properties": {
        "name": "Sherbrooke",
        "system": "Metro",
        "zone": "A",
        "featureType": "hidingZone",
        "radiusMiles": 0.25,
        "lines": [
          "Orange"
        ]
      }
    },
    {
      "type": "Feature",
      "geometry": {
        "type": "Point",
        "coordinates": [
          -73.5816468,
          45.5245985
        ]
      },
      "properties": {
        "name": "Mont-Royal",
        "system": "Metro",
        "zone": "A",
        "featureType": "station",
        "lines": [
          "Orange"
        ]
      }
    },
    {
      "type": "Feature",
      "geometry": {
        "type": "Polygon",
        "coordinates": [
          [
            [
              -73.5816468,
              45.528216794576394
            ],
            [
              -73.58114058621624,
              45.52819937149903
            ],
            [
              -73.58063924754792,
              45.528147270060686
            ],
            [
              -73.5801476121605,
              45.52806099202671
            ],
            [
              -73.57967041477153,
              45.527941368301725
            ],
            [
              -73.57921225105271,
              45.5277895509276
            ],
            [
              -73.5787775333711,
              45.52760700198863
            ],
            [
              -73.57837044829563,
              45.527395479530895
            ],
            [
              -73.57799491627812,
              45.5271570206313
            ],
            [
              -73.57765455389716,
              45.52689392177939
            ],
            [
              -73.57735263902856,
              45.52660871676094
            ],
            [
              -73.57709207927755,
              45.52630415225619
            ],
            [
              -73.57687538397695,
              45.525983161387806
            ],
            [
              -73.57670464002098,
              45.52564883547332
            ],
            [
              -73.57658149176727,
              45.52530439425406
            ],
            [
              -73.5765071252008,
              45.52495315488725
            ],
            [
              -73.5764822565123,
              45.5245985
            ],
            [
              -73.5765071252008,
              45.52424384511276
            ],
            [
              -73.57658149176727,
              45.52389260574595
            ],
            [
              -73.57670464002098,
              45.52354816452669
            ],
            [
              -73.57687538397695,
              45.5232138386122
            ],
            [
              -73.57709207927755,
              45.52289284774382
            ],
            [
              -73.57735263902856,
              45.52258828323907
            ],
            [
              -73.57765455389716,
              45.52230307822062
            ],
            [
              -73.57799491627812,
              45.52203997936871
            ],
            [
              -73.57837044829563,
              45.52180152046911
            ],
            [
              -73.5787775333711,
              45.52158999801138
            ],
            [
              -73.57921225105271,
              45.521407449072406
            ],
            [
              -73.57967041477153,
              45.52125563169828
            ],
            [
              -73.5801476121605,
              45.5211360079733
            ],
            [
              -73.58063924754792,
              45.52104972993932
            ],
            [
              -73.58114058621624,
              45.52099762850098
            ],
            [
              -73.5816468,
              45.52098020542361
            ],
            [
              -73.58215301378377,
              45.52099762850098
            ],
            [
              -73.58265435245208,
              45.52104972993932
            ],
            [
              -73.5831459878395,
              45.5211360079733
            ],
            [
              -73.58362318522848,
              45.52125563169828
            ],
            [
              -73.5840813489473,
              45.521407449072406
            ],
            [
              -73.58451606662891,
              45.52158999801138
            ],
            [
              -73.58492315170437,
              45.52180152046911
            ],
            [
              -73.58529868372189,
              45.52203997936871
            ],
            [
              -73.58563904610284,
              45.52230307822062
            ],
            [
              -73.58594096097144,
              45.52258828323907
            ],
            [
              -73.58620152072245,
              45.52289284774382
            ],
            [
              -73.58641821602305,
              45.5232138386122
            ],
            [
              -73.58658895997903,
              45.52354816452669
            ],
            [
              -73.58671210823273,
              45.52389260574595
            ],
            [
              -73.5867864747992,
              45.52424384511276
            ],
            [
              -73.5868113434877,
              45.5245985
            ],
            [
              -73.5867864747992,
              45.52495315488725
            ],
            [
              -73.58671210823273,
              45.52530439425406
            ],
            [
              -73.58658895997903,
              45.52564883547332
            ],
            [
              -73.58641821602305,
              45.525983161387806
            ],
            [
              -73.58620152072245,
              45.52630415225619
            ],
            [
              -73.58594096097144,
              45.52660871676094
            ],
            [
              -73.58563904610284,
              45.52689392177939
            ],
            [
              -73.58529868372189,
              45.5271570206313
            ],
            [
              -73.58492315170437,
              45.527395479530895
            ],
            [
              -73.58451606662891,
              45.52760700198863
            ],
            [
              -73.5840813489473,
              45.5277895509276
            ],
            [
              -73.58362318522848,
              45.527941368301725
            ],
            [
              -73.5831459878395,
              45.52806099202671
            ],
            [
              -73.58265435245208,
              45.528147270060686
            ],
            [
              -73.58215301378377,
              45.52819937149903
            ],
            [
              -73.5816468,
              45.528216794576394
            ]
          ]
        ]
      },
      "properties": {
        "name": "Mont-Royal",
        "system": "Metro",
        "zone": "A",
        "featureType": "hidingZone",
        "radiusMiles": 0.25,
        "lines": [
          "Orange"
        ]
      }
    },
    {
      "type": "Feature",
      "geometry": {
        "type": "Point",
        "coordinates": [
          -73.5883784,
          45.5280804
        ]
      },
      "properties": {
        "name": "Laurier",
        "system": "Metro",
        "zone": "A",
        "featureType": "station",
        "lines": [
          "Orange"
        ]
      }
    },
    {
      "type": "Feature",
      "geometry": {
        "type": "Polygon",
        "coordinates": [
          [
            [
              -73.5883784,
              45.53169869457639
            ],
            [
              -73.58787215488188,
              45.531681271499025
            ],
            [
              -73.58737078518098,
              45.53162917006068
            ],
            [
              -73.58687911936161,
              45.53154289202671
            ],
            [
              -73.58640189243438,
              45.53142326830172
            ],
            [
              -73.58594370035549,
              45.5312714509276
            ],
            [
              -73.5855089557651,
              45.531088901988625
            ],
            [
              -73.5851018454913,
              45.53087737953089
            ],
            [
              -73.58472629022856,
              45.5306389206313
            ],
            [
              -73.58438590677936,
              45.53037582177939
            ],
            [
              -73.5840839732224,
              45.53009061676094
            ],
            [
              -73.58382339734288,
              45.529786052256185
            ],
            [
              -73.58360668862898,
              45.5294650613878
            ],
            [
              -73.58343593410405,
              45.529130735473316
            ],
            [
              -73.58331277822752,
              45.528786294254054
            ],
            [
              -73.58323840705782,
              45.52843505488725
            ],
            [
              -73.58321353682994,
              45.5280804
            ],
            [
              -73.58323840705782,
              45.527725745112754
            ],
            [
              -73.58331277822752,
              45.52737450574595
            ],
            [
              -73.58343593410405,
              45.527030064526684
            ],
            [
              -73.58360668862898,
              45.5266957386122
            ],
            [
              -73.58382339734288,
              45.526374747743816
            ],
            [
              -73.5840839732224,
              45.526070183239064
            ],
            [
              -73.58438590677936,
              45.525784978220614
            ],
            [
              -73.58472629022856,
              45.5255218793687
            ],
            [
              -73.5851018454913,
              45.52528342046911
            ],
            [
              -73.5855089557651,
              45.525071898011376
            ],
            [
              -73.58594370035549,
              45.5248893490724
            ],
            [
              -73.58640189243438,
              45.52473753169828
            ],
            [
              -73.58687911936161,
              45.524617907973294
            ],
            [
              -73.58737078518098,
              45.52453162993932
            ],
            [
              -73.58787215488188,
              45.524479528500976
            ],
            [
              -73.5883784,
              45.52446210542361
            ],
            [
              -73.58888464511811,
              45.524479528500976
            ],
            [
              -73.58938601481901,
              45.52453162993932
            ],
            [
              -73.58987768063838,
              45.524617907973294
            ],
            [
              -73.59035490756561,
              45.52473753169828
            ],
            [
              -73.5908130996445,
              45.5248893490724
            ],
            [
              -73.59124784423489,
              45.525071898011376
            ],
            [
              -73.5916549545087,
              45.52528342046911
            ],
            [
              -73.59203050977143,
              45.5255218793687
            ],
            [
              -73.59237089322063,
              45.525784978220614
            ],
            [
              -73.59267282677759,
              45.526070183239064
            ],
            [
              -73.59293340265711,
              45.526374747743816
            ],
            [
              -73.59315011137102,
              45.5266957386122
            ],
            [
              -73.59332086589595,
              45.527030064526684
            ],
            [
              -73.59344402177247,
              45.52737450574595
            ],
            [
              -73.59351839294217,
              45.527725745112754
            ],
            [
              -73.59354326317005,
              45.5280804
            ],
            [
              -73.59351839294217,
              45.52843505488725
            ],
            [
              -73.59344402177247,
              45.528786294254054
            ],
            [
              -73.59332086589595,
              45.529130735473316
            ],
            [
              -73.59315011137102,
              45.5294650613878
            ],
            [
              -73.59293340265711,
              45.529786052256185
            ],
            [
              -73.59267282677759,
              45.53009061676094
            ],
            [
              -73.59237089322063,
              45.53037582177939
            ],
            [
              -73.59203050977143,
              45.5306389206313
            ],
            [
              -73.5916549545087,
              45.53087737953089
            ],
            [
              -73.59124784423489,
              45.531088901988625
            ],
            [
              -73.5908130996445,
              45.5312714509276
            ],
            [
              -73.59035490756561,
              45.53142326830172
            ],
            [
              -73.58987768063838,
              45.53154289202671
            ],
            [
              -73.58938601481901,
              45.53162917006068
            ],
            [
              -73.58888464511811,
              45.531681271499025
            ],
            [
              -73.5883784,
              45.53169869457639
            ]
          ]
        ]
      },
      "properties": {
        "name": "Laurier",
        "system": "Metro",
        "zone": "A",
        "featureType": "hidingZone",
        "radiusMiles": 0.25,
        "lines": [
          "Orange"
        ]
      }
    },
    {
      "type": "Feature",
      "geometry": {
        "type": "Point",
        "coordinates": [
          -73.5973383,
          45.5314962
        ]
      },
      "properties": {
        "name": "Rosemont",
        "system": "Metro",
        "zone": "A",
        "featureType": "station",
        "lines": [
          "Orange"
        ]
      }
    },
    {
      "type": "Feature",
      "geometry": {
        "type": "Polygon",
        "coordinates": [
          [
            [
              -73.5973383,
              45.53511449457639
            ],
            [
              -73.59683202413679,
              45.535097071499024
            ],
            [
              -73.5963306239869,
              45.53504497006068
            ],
            [
              -73.59583892830787,
              45.534958692026706
            ],
            [
              -73.59536167239789,
              45.53483906830172
            ],
            [
              -73.59490345249223,
              45.5346872509276
            ],
            [
              -73.5944686814991,
              45.534504701988624
            ],
            [
              -73.59406154650082,
              45.53429317953089
            ],
            [
              -73.59368596843001,
              45.534054720631296
            ],
            [
              -73.59334556430878,
              45.533791621779386
            ],
            [
              -73.5930436124149,
              45.533506416760936
            ],
            [
              -73.59278302071019,
              45.533201852256184
            ],
            [
              -73.5925662988352,
              45.5328808613878
            ],
            [
              -73.59239553394006,
              45.532546535473315
            ],
            [
              -73.59227237058408,
              45.53220209425405
            ],
            [
              -73.5921979948977,
              45.531850854887246
            ],
            [
              -73.59217312315943,
              45.5314962
            ],
            [
              -73.5921979948977,
              45.53114154511275
            ],
            [
              -73.59227237058408,
              45.530790305745946
            ],
            [
              -73.59239553394006,
              45.53044586452668
            ],
            [
              -73.5925662988352,
              45.530111538612196
            ],
            [
              -73.59278302071019,
              45.529790547743815
            ],
            [
              -73.5930436124149,
              45.52948598323906
            ],
            [
              -73.59334556430878,
              45.52920077822061
            ],
            [
              -73.59368596843001,
              45.5289376793687
            ],
            [
              -73.59406154650082,
              45.52869922046911
            ],
            [
              -73.5944686814991,
              45.528487698011375
            ],
            [
              -73.59490345249223,
              45.5283051490724
            ],
            [
              -73.59536167239789,
              45.52815333169828
            ],
            [
              -73.59583892830787,
              45.52803370797329
            ],
            [
              -73.5963306239869,
              45.52794742993932
            ],
            [
              -73.59683202413679,
              45.527895328500975
            ],
            [
              -73.5973383,
              45.52787790542361
            ],
            [
              -73.59784457586322,
              45.527895328500975
            ],
            [
              -73.5983459760131,
              45.52794742993932
            ],
            [
              -73.59883767169214,
              45.52803370797329
            ],
            [
              -73.59931492760212,
              45.52815333169828
            ],
            [
              -73.59977314750778,
              45.5283051490724
            ],
            [
              -73.60020791850091,
              45.528487698011375
            ],
            [
              -73.60061505349918,
              45.52869922046911
            ],
            [
              -73.60099063157,
              45.5289376793687
            ],
            [
              -73.60133103569123,
              45.52920077822061
            ],
            [
              -73.6016329875851,
              45.52948598323906
            ],
            [
              -73.60189357928982,
              45.529790547743815
            ],
            [
              -73.60211030116481,
              45.530111538612196
            ],
            [
              -73.60228106605994,
              45.53044586452668
            ],
            [
              -73.60240422941592,
              45.530790305745946
            ],
            [
              -73.6024786051023,
              45.53114154511275
            ],
            [
              -73.60250347684058,
              45.5314962
            ],
            [
              -73.6024786051023,
              45.531850854887246
            ],
            [
              -73.60240422941592,
              45.53220209425405
            ],
            [
              -73.60228106605994,
              45.532546535473315
            ],
            [
              -73.60211030116481,
              45.5328808613878
            ],
            [
              -73.60189357928982,
              45.533201852256184
            ],
            [
              -73.6016329875851,
              45.533506416760936
            ],
            [
              -73.60133103569123,
              45.533791621779386
            ],
            [
              -73.60099063157,
              45.534054720631296
            ],
            [
              -73.60061505349918,
              45.53429317953089
            ],
            [
              -73.60020791850091,
              45.534504701988624
            ],
            [
              -73.59977314750778,
              45.5346872509276
            ],
            [
              -73.59931492760212,
              45.53483906830172
            ],
            [
              -73.59883767169214,
              45.534958692026706
            ],
            [
              -73.5983459760131,
              45.53504497006068
            ],
            [
              -73.59784457586322,
              45.535097071499024
            ],
            [
              -73.5973383,
              45.53511449457639
            ]
          ]
        ]
      },
      "properties": {
        "name": "Rosemont",
        "system": "Metro",
        "zone": "A",
        "featureType": "hidingZone",
        "radiusMiles": 0.25,
        "lines": [
          "Orange"
        ]
      }
    },
    {
      "type": "Feature",
      "geometry": {
        "type": "Point",
        "coordinates": [
          -73.6049594,
          45.5351749
        ]
      },
      "properties": {
        "name": "Beaubien",
        "system": "Metro",
        "zone": "A",
        "featureType": "station",
        "lines": [
          "Orange"
        ]
      }
    },
    {
      "type": "Feature",
      "geometry": {
        "type": "Polygon",
        "coordinates": [
          [
            [
              -73.6049594,
              45.53879319457639
            ],
            [
              -73.6044530910192,
              45.538775771499026
            ],
            [
              -73.60395165807064,
              45.53872367006068
            ],
            [
              -73.60345993022776,
              45.53863739202671
            ],
            [
              -73.60298264309849,
              45.53851776830172
            ],
            [
              -73.60252439321877,
              45.5383659509276
            ],
            [
              -73.60208959378546,
              45.538183401988626
            ],
            [
              -73.6016824321548,
              45.53797187953089
            ],
            [
              -73.60130682951586,
              45.5377334206313
            ],
            [
              -73.60096640312739,
              45.53747032177939
            ],
            [
              -73.60066443148159,
              45.53718511676094
            ],
            [
              -73.6004038227305,
              45.536880552256186
            ],
            [
              -73.60018708667883,
              45.536559561387804
            ],
            [
              -73.60001631061327,
              45.53622523547332
            ],
            [
              -73.59989313920066,
              45.535880794254055
            ],
            [
              -73.59981875864905,
              45.53552955488725
            ],
            [
              -73.59979388528382,
              45.5351749
            ],
            [
              -73.59981875864905,
              45.534820245112755
            ],
            [
              -73.59989313920066,
              45.53446900574595
            ],
            [
              -73.60001631061327,
              45.534124564526685
            ],
            [
              -73.60018708667883,
              45.5337902386122
            ],
            [
              -73.6004038227305,
              45.53346924774382
            ],
            [
              -73.60066443148159,
              45.533164683239065
            ],
            [
              -73.60096640312739,
              45.532879478220615
            ],
            [
              -73.60130682951586,
              45.532616379368704
            ],
            [
              -73.6016824321548,
              45.53237792046911
            ],
            [
              -73.60208959378546,
              45.53216639801138
            ],
            [
              -73.60252439321877,
              45.531983849072404
            ],
            [
              -73.60298264309849,
              45.53183203169828
            ],
            [
              -73.60345993022776,
              45.531712407973295
            ],
            [
              -73.60395165807064,
              45.53162612993932
            ],
            [
              -73.6044530910192,
              45.53157402850098
            ],
            [
              -73.6049594,
              45.53155660542361
            ],
            [
              -73.6054657089808,
              45.53157402850098
            ],
            [
              -73.60596714192936,
              45.53162612993932
            ],
            [
              -73.60645886977224,
              45.531712407973295
            ],
            [
              -73.60693615690151,
              45.53183203169828
            ],
            [
              -73.60739440678122,
              45.531983849072404
            ],
            [
              -73.60782920621453,
              45.53216639801138
            ],
            [
              -73.6082363678452,
              45.53237792046911
            ],
            [
              -73.60861197048413,
              45.532616379368704
            ],
            [
              -73.60895239687261,
              45.532879478220615
            ],
            [
              -73.6092543685184,
              45.533164683239065
            ],
            [
              -73.6095149772695,
              45.53346924774382
            ],
            [
              -73.60973171332117,
              45.5337902386122
            ],
            [
              -73.60990248938673,
              45.534124564526685
            ],
            [
              -73.61002566079934,
              45.53446900574595
            ],
            [
              -73.61010004135095,
              45.534820245112755
            ],
            [
              -73.61012491471618,
              45.5351749
            ],
            [
              -73.61010004135095,
              45.53552955488725
            ],
            [
              -73.61002566079934,
              45.535880794254055
            ],
            [
              -73.60990248938673,
              45.53622523547332
            ],
            [
              -73.60973171332117,
              45.536559561387804
            ],
            [
              -73.6095149772695,
              45.536880552256186
            ],
            [
              -73.6092543685184,
              45.53718511676094
            ],
            [
              -73.60895239687261,
              45.53747032177939
            ],
            [
              -73.60861197048413,
              45.5377334206313
            ],
            [
              -73.6082363678452,
              45.53797187953089
            ],
            [
              -73.60782920621453,
              45.538183401988626
            ],
            [
              -73.60739440678122,
              45.5383659509276
            ],
            [
              -73.60693615690151,
              45.53851776830172
            ],
            [
              -73.60645886977224,
              45.53863739202671
            ],
            [
              -73.60596714192936,
              45.53872367006068
            ],
            [
              -73.6054657089808,
              45.538775771499026
            ],
            [
              -73.6049594,
              45.53879319457639
            ]
          ]
        ]
      },
      "properties": {
        "name": "Beaubien",
        "system": "Metro",
        "zone": "A",
        "featureType": "hidingZone",
        "radiusMiles": 0.25,
        "lines": [
          "Orange"
        ]
      }
    },
    {
      "type": "Feature",
      "geometry": {
        "type": "Point",
        "coordinates": [
          -73.6286029,
          45.5432233
        ]
      },
      "properties": {
        "name": "Jarry",
        "system": "Metro",
        "zone": "A",
        "featureType": "station",
        "lines": [
          "Orange"
        ]
      }
    },
    {
      "type": "Feature",
      "geometry": {
        "type": "Polygon",
        "coordinates": [
          [
            [
              -73.6286029,
              45.54684159457639
            ],
            [
              -73.62809651854086,
              45.546824171499026
            ],
            [
              -73.62759501381197,
              45.54677207006068
            ],
            [
              -73.62710321557805,
              45.54668579202671
            ],
            [
              -73.62662586012492,
              45.54656616830172
            ],
            [
              -73.62616754464655,
              45.5464143509276
            ],
            [
              -73.62573268297153,
              45.546231801988625
            ],
            [
              -73.62532546305552,
              45.54602027953089
            ],
            [
              -73.6249498066489,
              45.5457818206313
            ],
            [
              -73.62460933152825,
              45.54551872177939
            ],
            [
              -73.62430731665509,
              45.54523351676094
            ],
            [
              -73.62404667059774,
              45.544928952256186
            ],
            [
              -73.62382990352022,
              45.544607961387804
            ],
            [
              -73.623659103008,
              45.54427363547332
            ],
            [
              -73.62353591396335,
              45.543929194254055
            ],
            [
              -73.62346152276413,
              45.54357795488725
            ],
            [
              -73.62343664583827,
              45.5432233
            ],
            [
              -73.62346152276413,
              45.542868645112755
            ],
            [
              -73.62353591396335,
              45.54251740574595
            ],
            [
              -73.623659103008,
              45.542172964526685
            ],
            [
              -73.62382990352022,
              45.5418386386122
            ],
            [
              -73.62404667059774,
              45.54151764774382
            ],
            [
              -73.62430731665509,
              45.541213083239064
            ],
            [
              -73.62460933152825,
              45.540927878220614
            ],
            [
              -73.6249498066489,
              45.540664779368704
            ],
            [
              -73.62532546305552,
              45.54042632046911
            ],
            [
              -73.62573268297153,
              45.54021479801138
            ],
            [
              -73.62616754464655,
              45.540032249072404
            ],
            [
              -73.62662586012492,
              45.53988043169828
            ],
            [
              -73.62710321557805,
              45.539760807973295
            ],
            [
              -73.62759501381197,
              45.53967452993932
            ],
            [
              -73.62809651854086,
              45.53962242850098
            ],
            [
              -73.6286029,
              45.53960500542361
            ],
            [
              -73.62910928145915,
              45.53962242850098
            ],
            [
              -73.62961078618804,
              45.53967452993932
            ],
            [
              -73.63010258442196,
              45.539760807973295
            ],
            [
              -73.63057993987509,
              45.53988043169828
            ],
            [
              -73.63103825535346,
              45.540032249072404
            ],
            [
              -73.63147311702848,
              45.54021479801138
            ],
            [
              -73.63188033694449,
              45.54042632046911
            ],
            [
              -73.63225599335111,
              45.540664779368704
            ],
            [
              -73.63259646847176,
              45.540927878220614
            ],
            [
              -73.63289848334492,
              45.541213083239064
            ],
            [
              -73.63315912940227,
              45.54151764774382
            ],
            [
              -73.63337589647979,
              45.5418386386122
            ],
            [
              -73.63354669699201,
              45.542172964526685
            ],
            [
              -73.63366988603666,
              45.54251740574595
            ],
            [
              -73.63374427723588,
              45.542868645112755
            ],
            [
              -73.63376915416174,
              45.5432233
            ],
            [
              -73.63374427723588,
              45.54357795488725
            ],
            [
              -73.63366988603666,
              45.543929194254055
            ],
            [
              -73.63354669699201,
              45.54427363547332
            ],
            [
              -73.63337589647979,
              45.544607961387804
            ],
            [
              -73.63315912940227,
              45.544928952256186
            ],
            [
              -73.63289848334492,
              45.54523351676094
            ],
            [
              -73.63259646847176,
              45.54551872177939
            ],
            [
              -73.63225599335111,
              45.5457818206313
            ],
            [
              -73.63188033694449,
              45.54602027953089
            ],
            [
              -73.63147311702848,
              45.546231801988625
            ],
            [
              -73.63103825535346,
              45.5464143509276
            ],
            [
              -73.63057993987509,
              45.54656616830172
            ],
            [
              -73.63010258442196,
              45.54668579202671
            ],
            [
              -73.62961078618804,
              45.54677207006068
            ],
            [
              -73.62910928145915,
              45.546824171499026
            ],
            [
              -73.6286029,
              45.54684159457639
            ]
          ]
        ]
      },
      "properties": {
        "name": "Jarry",
        "system": "Metro",
        "zone": "A",
        "featureType": "hidingZone",
        "radiusMiles": 0.25,
        "lines": [
          "Orange"
        ]
      }
    },
    {
      "type": "Feature",
      "geometry": {
        "type": "Point",
        "coordinates": [
          -73.6388375,
          45.5461436
        ]
      },
      "properties": {
        "name": "Crémazie",
        "system": "Metro",
        "zone": "A",
        "featureType": "station",
        "lines": [
          "Orange"
        ]
      }
    },
    {
      "type": "Feature",
      "geometry": {
        "type": "Polygon",
        "coordinates": [
          [
            [
              -73.6388375,
              45.54976189457639
            ],
            [
              -73.63833109223503,
              45.549744471499025
            ],
            [
              -73.63782956145369,
              45.54969237006068
            ],
            [
              -73.63733773767153,
              45.54960609202671
            ],
            [
              -73.63686035742045,
              45.54948646830172
            ],
            [
              -73.63640201813323,
              45.5493346509276
            ],
            [
              -73.63596713386775,
              45.549152101988625
            ],
            [
              -73.63555989279723,
              45.54894057953089
            ],
            [
              -73.6351842168758,
              45.5487021206313
            ],
            [
              -73.63484372406793,
              45.54843902177939
            ],
            [
              -73.63454169350553,
              45.54815381676094
            ],
            [
              -73.63428103390797,
              45.547849252256185
            ],
            [
              -73.63406425556971,
              45.547528261387804
            ],
            [
              -73.63389344618463,
              45.54719393547332
            ],
            [
              -73.6337702507405,
              45.546849494254054
            ],
            [
              -73.63369585567676,
              45.54649825488725
            ],
            [
              -73.63367097745856,
              45.5461436
            ],
            [
              -73.63369585567676,
              45.545788945112754
            ],
            [
              -73.6337702507405,
              45.54543770574595
            ],
            [
              -73.63389344618463,
              45.545093264526685
            ],
            [
              -73.63406425556971,
              45.5447589386122
            ],
            [
              -73.63428103390797,
              45.544437947743816
            ],
            [
              -73.63454169350553,
              45.544133383239064
            ],
            [
              -73.63484372406793,
              45.543848178220614
            ],
            [
              -73.6351842168758,
              45.543585079368704
            ],
            [
              -73.63555989279723,
              45.54334662046911
            ],
            [
              -73.63596713386775,
              45.543135098011376
            ],
            [
              -73.63640201813323,
              45.5429525490724
            ],
            [
              -73.63686035742045,
              45.54280073169828
            ],
            [
              -73.63733773767153,
              45.542681107973294
            ],
            [
              -73.63782956145369,
              45.54259482993932
            ],
            [
              -73.63833109223503,
              45.542542728500976
            ],
            [
              -73.6388375,
              45.54252530542361
            ],
            [
              -73.63934390776495,
              45.542542728500976
            ],
            [
              -73.6398454385463,
              45.54259482993932
            ],
            [
              -73.64033726232846,
              45.542681107973294
            ],
            [
              -73.64081464257954,
              45.54280073169828
            ],
            [
              -73.64127298186676,
              45.5429525490724
            ],
            [
              -73.64170786613224,
              45.543135098011376
            ],
            [
              -73.64211510720276,
              45.54334662046911
            ],
            [
              -73.64249078312419,
              45.543585079368704
            ],
            [
              -73.64283127593205,
              45.543848178220614
            ],
            [
              -73.64313330649446,
              45.544133383239064
            ],
            [
              -73.64339396609202,
              45.544437947743816
            ],
            [
              -73.64361074443028,
              45.5447589386122
            ],
            [
              -73.64378155381536,
              45.545093264526685
            ],
            [
              -73.64390474925949,
              45.54543770574595
            ],
            [
              -73.64397914432323,
              45.545788945112754
            ],
            [
              -73.64400402254142,
              45.5461436
            ],
            [
              -73.64397914432323,
              45.54649825488725
            ],
            [
              -73.64390474925949,
              45.546849494254054
            ],
            [
              -73.64378155381536,
              45.54719393547332
            ],
            [
              -73.64361074443028,
              45.547528261387804
            ],
            [
              -73.64339396609202,
              45.547849252256185
            ],
            [
              -73.64313330649446,
              45.54815381676094
            ],
            [
              -73.64283127593205,
              45.54843902177939
            ],
            [
              -73.64249078312419,
              45.5487021206313
            ],
            [
              -73.64211510720276,
              45.54894057953089
            ],
            [
              -73.64170786613224,
              45.549152101988625
            ],
            [
              -73.64127298186676,
              45.5493346509276
            ],
            [
              -73.64081464257954,
              45.54948646830172
            ],
            [
              -73.64033726232846,
              45.54960609202671
            ],
            [
              -73.6398454385463,
              45.54969237006068
            ],
            [
              -73.63934390776495,
              45.549744471499025
            ],
            [
              -73.6388375,
              45.54976189457639
            ]
          ]
        ]
      },
      "properties": {
        "name": "Crémazie",
        "system": "Metro",
        "zone": "A",
        "featureType": "hidingZone",
        "radiusMiles": 0.25,
        "lines": [
          "Orange"
        ]
      }
    },
    {
      "type": "Feature",
      "geometry": {
        "type": "Point",
        "coordinates": [
          -73.6565058,
          45.5511003
        ]
      },
      "properties": {
        "name": "Sauvé",
        "system": "Metro",
        "zone": "A",
        "featureType": "station",
        "lines": [
          "Orange"
        ]
      }
    },
    {
      "type": "Feature",
      "geometry": {
        "type": "Polygon",
        "coordinates": [
          [
            [
              -73.6565058,
              45.55471859457639
            ],
            [
              -73.65599934757626,
              45.554701171499026
            ],
            [
              -73.65549777256619,
              45.554649070060684
            ],
            [
              -73.65500590541137,
              45.55456279202671
            ],
            [
              -73.65452848306136,
              45.554443168301724
            ],
            [
              -73.65407010335439,
              45.5542913509276
            ],
            [
              -73.65363518073758,
              45.554108801988626
            ],
            [
              -73.65322790375353,
              45.553897279530894
            ],
            [
              -73.6528521947022,
              45.5536588206313
            ],
            [
              -73.65251167186716,
              45.55339572177939
            ],
            [
              -73.65220961466945,
              45.55311051676094
            ],
            [
              -73.651948932085,
              45.552805952256186
            ],
            [
              -73.65173213462963,
              45.552484961387805
            ],
            [
              -73.65156131018131,
              45.55215063547332
            ],
            [
              -73.65143810387288,
              45.551806194254056
            ],
            [
              -73.65136370224843,
              45.55145495488725
            ],
            [
              -73.6513388218363,
              45.5511003
            ],
            [
              -73.65136370224843,
              45.550745645112755
            ],
            [
              -73.65143810387288,
              45.55039440574595
            ],
            [
              -73.65156131018131,
              45.550049964526686
            ],
            [
              -73.65173213462963,
              45.5497156386122
            ],
            [
              -73.651948932085,
              45.54939464774382
            ],
            [
              -73.65220961466945,
              45.549090083239065
            ],
            [
              -73.65251167186716,
              45.548804878220615
            ],
            [
              -73.6528521947022,
              45.548541779368705
            ],
            [
              -73.65322790375353,
              45.54830332046911
            ],
            [
              -73.65363518073758,
              45.54809179801138
            ],
            [
              -73.65407010335439,
              45.547909249072404
            ],
            [
              -73.65452848306136,
              45.54775743169828
            ],
            [
              -73.65500590541137,
              45.547637807973295
            ],
            [
              -73.65549777256619,
              45.54755152993932
            ],
            [
              -73.65599934757626,
              45.54749942850098
            ],
            [
              -73.6565058,
              45.54748200542361
            ],
            [
              -73.65701225242375,
              45.54749942850098
            ],
            [
              -73.65751382743382,
              45.54755152993932
            ],
            [
              -73.65800569458864,
              45.547637807973295
            ],
            [
              -73.65848311693865,
              45.54775743169828
            ],
            [
              -73.65894149664562,
              45.547909249072404
            ],
            [
              -73.65937641926243,
              45.54809179801138
            ],
            [
              -73.65978369624648,
              45.54830332046911
            ],
            [
              -73.6601594052978,
              45.548541779368705
            ],
            [
              -73.66049992813285,
              45.548804878220615
            ],
            [
              -73.66080198533056,
              45.549090083239065
            ],
            [
              -73.661062667915,
              45.54939464774382
            ],
            [
              -73.66127946537038,
              45.5497156386122
            ],
            [
              -73.6614502898187,
              45.550049964526686
            ],
            [
              -73.66157349612713,
              45.55039440574595
            ],
            [
              -73.66164789775158,
              45.550745645112755
            ],
            [
              -73.6616727781637,
              45.5511003
            ],
            [
              -73.66164789775158,
              45.55145495488725
            ],
            [
              -73.66157349612713,
              45.551806194254056
            ],
            [
              -73.6614502898187,
              45.55215063547332
            ],
            [
              -73.66127946537038,
              45.552484961387805
            ],
            [
              -73.661062667915,
              45.552805952256186
            ],
            [
              -73.66080198533056,
              45.55311051676094
            ],
            [
              -73.66049992813285,
              45.55339572177939
            ],
            [
              -73.6601594052978,
              45.5536588206313
            ],
            [
              -73.65978369624648,
              45.553897279530894
            ],
            [
              -73.65937641926243,
              45.554108801988626
            ],
            [
              -73.65894149664562,
              45.5542913509276
            ],
            [
              -73.65848311693865,
              45.554443168301724
            ],
            [
              -73.65800569458864,
              45.55456279202671
            ],
            [
              -73.65751382743382,
              45.554649070060684
            ],
            [
              -73.65701225242375,
              45.554701171499026
            ],
            [
              -73.6565058,
              45.55471859457639
            ]
          ]
        ]
      },
      "properties": {
        "name": "Sauvé",
        "system": "Metro",
        "zone": "A",
        "featureType": "hidingZone",
        "radiusMiles": 0.25,
        "lines": [
          "Orange"
        ]
      }
    },
    {
      "type": "Feature",
      "geometry": {
        "type": "Point",
        "coordinates": [
          -73.6682516,
          45.5545124
        ]
      },
      "properties": {
        "name": "Henri-Bourassa",
        "system": "Metro",
        "zone": "A",
        "featureType": "station",
        "lines": [
          "Orange"
        ]
      }
    },
    {
      "type": "Feature",
      "geometry": {
        "type": "Polygon",
        "coordinates": [
          [
            [
              -73.6682516,
              45.55813069457639
            ],
            [
              -73.66774511682719,
              45.558113271499025
            ],
            [
              -73.6672435113642,
              45.55806117006068
            ],
            [
              -73.66675161434586,
              45.55797489202671
            ],
            [
              -73.66627416300933,
              45.55785526830172
            ],
            [
              -73.66581575547201,
              45.5577034509276
            ],
            [
              -73.66538080644905,
              45.557520901988624
            ],
            [
              -73.66497350473733,
              45.55730937953089
            ],
            [
              -73.66459777287498,
              45.5570709206313
            ],
            [
              -73.66425722936522,
              45.55680782177939
            ],
            [
              -73.66395515382823,
              45.55652261676094
            ],
            [
              -73.66369445541655,
              45.556218052256185
            ],
            [
              -73.66347764479839,
              45.5558970613878
            ],
            [
              -73.66330680997852,
              45.555562735473316
            ],
            [
              -73.66318359618967,
              45.555218294254054
            ],
            [
              -73.66310919004796,
              45.55486705488725
            ],
            [
              -73.66308430812522,
              45.5545124
            ],
            [
              -73.66310919004796,
              45.554157745112754
            ],
            [
              -73.66318359618967,
              45.553806505745946
            ],
            [
              -73.66330680997852,
              45.553462064526684
            ],
            [
              -73.66347764479839,
              45.5531277386122
            ],
            [
              -73.66369445541655,
              45.552806747743816
            ],
            [
              -73.66395515382823,
              45.55250218323906
            ],
            [
              -73.66425722936522,
              45.55221697822061
            ],
            [
              -73.66459777287498,
              45.5519538793687
            ],
            [
              -73.66497350473733,
              45.55171542046911
            ],
            [
              -73.66538080644905,
              45.551503898011376
            ],
            [
              -73.66581575547201,
              45.5513213490724
            ],
            [
              -73.66627416300933,
              45.55116953169828
            ],
            [
              -73.66675161434586,
              45.551049907973294
            ],
            [
              -73.6672435113642,
              45.55096362993932
            ],
            [
              -73.66774511682719,
              45.550911528500976
            ],
            [
              -73.6682516,
              45.55089410542361
            ],
            [
              -73.66875808317282,
              45.550911528500976
            ],
            [
              -73.6692596886358,
              45.55096362993932
            ],
            [
              -73.66975158565415,
              45.551049907973294
            ],
            [
              -73.67022903699068,
              45.55116953169828
            ],
            [
              -73.670687444528,
              45.5513213490724
            ],
            [
              -73.67112239355096,
              45.551503898011376
            ],
            [
              -73.67152969526268,
              45.55171542046911
            ],
            [
              -73.67190542712503,
              45.5519538793687
            ],
            [
              -73.67224597063479,
              45.55221697822061
            ],
            [
              -73.67254804617178,
              45.55250218323906
            ],
            [
              -73.67280874458346,
              45.552806747743816
            ],
            [
              -73.67302555520162,
              45.5531277386122
            ],
            [
              -73.67319639002149,
              45.553462064526684
            ],
            [
              -73.67331960381034,
              45.553806505745946
            ],
            [
              -73.67339400995205,
              45.554157745112754
            ],
            [
              -73.67341889187479,
              45.5545124
            ],
            [
              -73.67339400995205,
              45.55486705488725
            ],
            [
              -73.67331960381034,
              45.555218294254054
            ],
            [
              -73.67319639002149,
              45.555562735473316
            ],
            [
              -73.67302555520162,
              45.5558970613878
            ],
            [
              -73.67280874458346,
              45.556218052256185
            ],
            [
              -73.67254804617178,
              45.55652261676094
            ],
            [
              -73.67224597063479,
              45.55680782177939
            ],
            [
              -73.67190542712503,
              45.5570709206313
            ],
            [
              -73.67152969526268,
              45.55730937953089
            ],
            [
              -73.67112239355096,
              45.557520901988624
            ],
            [
              -73.670687444528,
              45.5577034509276
            ],
            [
              -73.67022903699068,
              45.55785526830172
            ],
            [
              -73.66975158565415,
              45.55797489202671
            ],
            [
              -73.6692596886358,
              45.55806117006068
            ],
            [
              -73.66875808317282,
              45.558113271499025
            ],
            [
              -73.6682516,
              45.55813069457639
            ]
          ]
        ]
      },
      "properties": {
        "name": "Henri-Bourassa",
        "system": "Metro",
        "zone": "A",
        "featureType": "hidingZone",
        "radiusMiles": 0.25,
        "lines": [
          "Orange"
        ]
      }
    },
    {
      "type": "Feature",
      "geometry": {
        "type": "Point",
        "coordinates": [
          -73.7097434,
          45.560853
        ]
      },
      "properties": {
        "name": "De la Concorde",
        "system": "Metro",
        "zone": "B",
        "featureType": "station",
        "lines": [
          "Orange"
        ]
      }
    },
    {
      "type": "Feature",
      "geometry": {
        "type": "Polygon",
        "coordinates": [
          [
            [
              -73.7097434,
              45.56447129457639
            ],
            [
              -73.70923685967246,
              45.564453871499026
            ],
            [
              -73.70873519760518,
              45.564401770060684
            ],
            [
              -73.70824324507811,
              45.56431549202671
            ],
            [
              -73.70776573986299,
              45.564195868301724
            ],
            [
              -73.7073072805961,
              45.5640440509276
            ],
            [
              -73.70687228249079,
              45.563861501988626
            ],
            [
              -73.70646493481661,
              45.563649979530894
            ],
            [
              -73.70608916055433,
              45.5634115206313
            ],
            [
              -73.70574857861551,
              45.56314842177939
            ],
            [
              -73.70544646899043,
              45.56286321676094
            ],
            [
              -73.70518574115991,
              45.562558652256186
            ],
            [
              -73.7049689060755,
              45.562237661387805
            ],
            [
              -73.70479805197756,
              45.56190333547332
            ],
            [
              -73.7046748242845,
              45.561558894254055
            ],
            [
              -73.70460040974633,
              45.56120765488725
            ],
            [
              -73.70457552501577,
              45.560853
            ],
            [
              -73.70460040974633,
              45.560498345112755
            ],
            [
              -73.7046748242845,
              45.56014710574595
            ],
            [
              -73.70479805197756,
              45.559802664526686
            ],
            [
              -73.7049689060755,
              45.5594683386122
            ],
            [
              -73.70518574115991,
              45.55914734774382
            ],
            [
              -73.70544646899043,
              45.558842783239065
            ],
            [
              -73.70574857861551,
              45.558557578220615
            ],
            [
              -73.70608916055433,
              45.558294479368705
            ],
            [
              -73.70646493481661,
              45.55805602046911
            ],
            [
              -73.70687228249079,
              45.55784449801138
            ],
            [
              -73.7073072805961,
              45.557661949072404
            ],
            [
              -73.70776573986299,
              45.55751013169828
            ],
            [
              -73.70824324507811,
              45.557390507973295
            ],
            [
              -73.70873519760518,
              45.55730422993932
            ],
            [
              -73.70923685967246,
              45.55725212850098
            ],
            [
              -73.7097434,
              45.55723470542361
            ],
            [
              -73.71024994032753,
              45.55725212850098
            ],
            [
              -73.71075160239481,
              45.55730422993932
            ],
            [
              -73.71124355492188,
              45.557390507973295
            ],
            [
              -73.711721060137,
              45.55751013169828
            ],
            [
              -73.71217951940389,
              45.557661949072404
            ],
            [
              -73.7126145175092,
              45.55784449801138
            ],
            [
              -73.71302186518338,
              45.55805602046911
            ],
            [
              -73.71339763944566,
              45.558294479368705
            ],
            [
              -73.71373822138447,
              45.558557578220615
            ],
            [
              -73.71404033100956,
              45.558842783239065
            ],
            [
              -73.71430105884008,
              45.55914734774382
            ],
            [
              -73.7145178939245,
              45.5594683386122
            ],
            [
              -73.71468874802243,
              45.559802664526686
            ],
            [
              -73.71481197571549,
              45.56014710574595
            ],
            [
              -73.71488639025365,
              45.560498345112755
            ],
            [
              -73.71491127498422,
              45.560853
            ],
            [
              -73.71488639025365,
              45.56120765488725
            ],
            [
              -73.71481197571549,
              45.561558894254055
            ],
            [
              -73.71468874802243,
              45.56190333547332
            ],
            [
              -73.7145178939245,
              45.562237661387805
            ],
            [
              -73.71430105884008,
              45.562558652256186
            ],
            [
              -73.71404033100956,
              45.56286321676094
            ],
            [
              -73.71373822138447,
              45.56314842177939
            ],
            [
              -73.71339763944566,
              45.5634115206313
            ],
            [
              -73.71302186518338,
              45.563649979530894
            ],
            [
              -73.7126145175092,
              45.563861501988626
            ],
            [
              -73.71217951940389,
              45.5640440509276
            ],
            [
              -73.711721060137,
              45.564195868301724
            ],
            [
              -73.71124355492188,
              45.56431549202671
            ],
            [
              -73.71075160239481,
              45.564401770060684
            ],
            [
              -73.71024994032753,
              45.564453871499026
            ],
            [
              -73.7097434,
              45.56447129457639
            ]
          ]
        ]
      },
      "properties": {
        "name": "De la Concorde",
        "system": "Metro",
        "zone": "B",
        "featureType": "hidingZone",
        "radiusMiles": 0.25,
        "lines": [
          "Orange"
        ]
      }
    },
    {
      "type": "Feature",
      "geometry": {
        "type": "Point",
        "coordinates": [
          -73.5397875,
          45.5896475
        ]
      },
      "properties": {
        "name": "Radisson",
        "system": "Metro",
        "zone": "A",
        "featureType": "station",
        "lines": [
          "Green"
        ]
      }
    },
    {
      "type": "Feature",
      "geometry": {
        "type": "Polygon",
        "coordinates": [
          [
            [
              -73.5397875,
              45.59326579457639
            ],
            [
              -73.53928069987583,
              45.59324837149902
            ],
            [
              -73.5387787805139,
              45.59319627006068
            ],
            [
              -73.53828657567203,
              45.593109992026704
            ],
            [
              -73.53780882555193,
              45.59299036830172
            ],
            [
              -73.53735013114843,
              45.592838550927596
            ],
            [
              -73.53691490993937,
              45.59265600198862
            ],
            [
              -73.53650735334291,
              45.59244447953089
            ],
            [
              -73.53613138635187,
              45.592206020631295
            ],
            [
              -73.53579062973388,
              45.591942921779385
            ],
            [
              -73.53548836516148,
              45.591657716760935
            ],
            [
              -73.53522750360771,
              45.59135315225618
            ],
            [
              -73.53501055731196,
              45.5910321613878
            ],
            [
              -73.53483961558564,
              45.590697835473314
            ],
            [
              -73.534716324691,
              45.59035339425405
            ],
            [
              -73.53464187198679,
              45.590002154887245
            ],
            [
              -73.53461697449322,
              45.5896475
            ],
            [
              -73.53464187198679,
              45.58929284511275
            ],
            [
              -73.534716324691,
              45.588941605745944
            ],
            [
              -73.53483961558564,
              45.58859716452668
            ],
            [
              -73.53501055731196,
              45.588262838612195
            ],
            [
              -73.53522750360771,
              45.587941847743814
            ],
            [
              -73.53548836516148,
              45.58763728323906
            ],
            [
              -73.53579062973388,
              45.58735207822061
            ],
            [
              -73.53613138635187,
              45.5870889793687
            ],
            [
              -73.53650735334291,
              45.586850520469106
            ],
            [
              -73.53691490993937,
              45.586638998011374
            ],
            [
              -73.53735013114843,
              45.5864564490724
            ],
            [
              -73.53780882555193,
              45.586304631698276
            ],
            [
              -73.53828657567203,
              45.58618500797329
            ],
            [
              -73.5387787805139,
              45.586098729939316
            ],
            [
              -73.53928069987583,
              45.586046628500974
            ],
            [
              -73.5397875,
              45.58602920542361
            ],
            [
              -73.54029430012417,
              45.586046628500974
            ],
            [
              -73.54079621948611,
              45.586098729939316
            ],
            [
              -73.54128842432797,
              45.58618500797329
            ],
            [
              -73.54176617444807,
              45.586304631698276
            ],
            [
              -73.54222486885158,
              45.5864564490724
            ],
            [
              -73.54266009006064,
              45.586638998011374
            ],
            [
              -73.5430676466571,
              45.586850520469106
            ],
            [
              -73.54344361364814,
              45.5870889793687
            ],
            [
              -73.54378437026612,
              45.58735207822061
            ],
            [
              -73.54408663483852,
              45.58763728323906
            ],
            [
              -73.54434749639229,
              45.587941847743814
            ],
            [
              -73.54456444268804,
              45.588262838612195
            ],
            [
              -73.54473538441437,
              45.58859716452668
            ],
            [
              -73.544858675309,
              45.588941605745944
            ],
            [
              -73.54493312801321,
              45.58929284511275
            ],
            [
              -73.54495802550679,
              45.5896475
            ],
            [
              -73.54493312801321,
              45.590002154887245
            ],
            [
              -73.544858675309,
              45.59035339425405
            ],
            [
              -73.54473538441437,
              45.590697835473314
            ],
            [
              -73.54456444268804,
              45.5910321613878
            ],
            [
              -73.54434749639229,
              45.59135315225618
            ],
            [
              -73.54408663483852,
              45.591657716760935
            ],
            [
              -73.54378437026612,
              45.591942921779385
            ],
            [
              -73.54344361364814,
              45.592206020631295
            ],
            [
              -73.5430676466571,
              45.59244447953089
            ],
            [
              -73.54266009006064,
              45.59265600198862
            ],
            [
              -73.54222486885158,
              45.592838550927596
            ],
            [
              -73.54176617444807,
              45.59299036830172
            ],
            [
              -73.54128842432797,
              45.593109992026704
            ],
            [
              -73.54079621948611,
              45.59319627006068
            ],
            [
              -73.54029430012417,
              45.59324837149902
            ],
            [
              -73.5397875,
              45.59326579457639
            ]
          ]
        ]
      },
      "properties": {
        "name": "Radisson",
        "system": "Metro",
        "zone": "A",
        "featureType": "hidingZone",
        "radiusMiles": 0.25,
        "lines": [
          "Green"
        ]
      }
    },
    {
      "type": "Feature",
      "geometry": {
        "type": "Point",
        "coordinates": [
          -73.5431577,
          45.5827257
        ]
      },
      "properties": {
        "name": "Langelier",
        "system": "Metro",
        "zone": "A",
        "featureType": "station",
        "lines": [
          "Green"
        ]
      }
    },
    {
      "type": "Feature",
      "geometry": {
        "type": "Polygon",
        "coordinates": [
          [
            [
              -73.5431577,
              45.58634399457639
            ],
            [
              -73.54265096236335,
              45.58632657149902
            ],
            [
              -73.54214910488717,
              45.58627447006068
            ],
            [
              -73.54165696073328,
              45.586188192026704
            ],
            [
              -73.5411792695189,
              45.58606856830172
            ],
            [
              -73.54072063167159,
              45.585916750927595
            ],
            [
              -73.54028546412451,
              45.58573420198862
            ],
            [
              -73.53987795777904,
              45.58552267953089
            ],
            [
              -73.53950203714405,
              45.585284220631294
            ],
            [
              -73.53916132254074,
              45.585021121779384
            ],
            [
              -73.53885909523702,
              45.584735916760934
            ],
            [
              -73.538598265847,
              45.58443135225618
            ],
            [
              -73.53838134630034,
              45.5841103613878
            ],
            [
              -73.53821042565082,
              45.58377603547331
            ],
            [
              -73.53808714995773,
              45.58343159425405
            ],
            [
              -73.53801270643339,
              45.583080354887244
            ],
            [
              -73.53798781200965,
              45.5827257
            ],
            [
              -73.53801270643339,
              45.58237104511275
            ],
            [
              -73.53808714995773,
              45.582019805745944
            ],
            [
              -73.53821042565082,
              45.58167536452668
            ],
            [
              -73.53838134630034,
              45.581341038612194
            ],
            [
              -73.538598265847,
              45.58102004774381
            ],
            [
              -73.53885909523702,
              45.58071548323906
            ],
            [
              -73.53916132254074,
              45.58043027822061
            ],
            [
              -73.53950203714405,
              45.5801671793687
            ],
            [
              -73.53987795777904,
              45.579928720469105
            ],
            [
              -73.54028546412451,
              45.57971719801137
            ],
            [
              -73.54072063167159,
              45.5795346490724
            ],
            [
              -73.5411792695189,
              45.579382831698275
            ],
            [
              -73.54165696073328,
              45.57926320797329
            ],
            [
              -73.54214910488717,
              45.579176929939315
            ],
            [
              -73.54265096236335,
              45.57912482850097
            ],
            [
              -73.5431577,
              45.579107405423606
            ],
            [
              -73.54366443763664,
              45.57912482850097
            ],
            [
              -73.54416629511282,
              45.579176929939315
            ],
            [
              -73.54465843926671,
              45.57926320797329
            ],
            [
              -73.54513613048108,
              45.579382831698275
            ],
            [
              -73.5455947683284,
              45.5795346490724
            ],
            [
              -73.54602993587548,
              45.57971719801137
            ],
            [
              -73.54643744222095,
              45.579928720469105
            ],
            [
              -73.54681336285594,
              45.5801671793687
            ],
            [
              -73.54715407745925,
              45.58043027822061
            ],
            [
              -73.54745630476297,
              45.58071548323906
            ],
            [
              -73.54771713415299,
              45.58102004774381
            ],
            [
              -73.54793405369965,
              45.581341038612194
            ],
            [
              -73.54810497434917,
              45.58167536452668
            ],
            [
              -73.54822825004226,
              45.582019805745944
            ],
            [
              -73.5483026935666,
              45.58237104511275
            ],
            [
              -73.54832758799034,
              45.5827257
            ],
            [
              -73.5483026935666,
              45.583080354887244
            ],
            [
              -73.54822825004226,
              45.58343159425405
            ],
            [
              -73.54810497434917,
              45.58377603547331
            ],
            [
              -73.54793405369965,
              45.5841103613878
            ],
            [
              -73.54771713415299,
              45.58443135225618
            ],
            [
              -73.54745630476297,
              45.584735916760934
            ],
            [
              -73.54715407745925,
              45.585021121779384
            ],
            [
              -73.54681336285594,
              45.585284220631294
            ],
            [
              -73.54643744222095,
              45.58552267953089
            ],
            [
              -73.54602993587548,
              45.58573420198862
            ],
            [
              -73.5455947683284,
              45.585916750927595
            ],
            [
              -73.54513613048108,
              45.58606856830172
            ],
            [
              -73.54465843926671,
              45.586188192026704
            ],
            [
              -73.54416629511282,
              45.58627447006068
            ],
            [
              -73.54366443763664,
              45.58632657149902
            ],
            [
              -73.5431577,
              45.58634399457639
            ]
          ]
        ]
      },
      "properties": {
        "name": "Langelier",
        "system": "Metro",
        "zone": "A",
        "featureType": "hidingZone",
        "radiusMiles": 0.25,
        "lines": [
          "Green"
        ]
      }
    },
    {
      "type": "Feature",
      "geometry": {
        "type": "Point",
        "coordinates": [
          -73.5467318,
          45.5693911
        ]
      },
      "properties": {
        "name": "Assomption",
        "system": "Metro",
        "zone": "A",
        "featureType": "station",
        "lines": [
          "Green"
        ]
      }
    },
    {
      "type": "Feature",
      "geometry": {
        "type": "Polygon",
        "coordinates": [
          [
            [
              -73.5467318,
              45.57300939457639
            ],
            [
              -73.54622518267911,
              45.57299197149902
            ],
            [
              -73.54572344435995,
              45.57293987006068
            ],
            [
              -73.54523141705684,
              45.5728535920267
            ],
            [
              -73.54475383926166,
              45.57273396830172
            ],
            [
              -73.54429531030965,
              45.572582150927595
            ],
            [
              -73.54386024608527,
              45.57239960198862
            ],
            [
              -73.54345283649486,
              45.57218807953089
            ],
            [
              -73.54307700511546,
              45.571949620631294
            ],
            [
              -73.54273637140871,
              45.571686521779384
            ],
            [
              -73.54243421586342,
              45.571401316760934
            ],
            [
              -73.54217344840266,
              45.57109675225618
            ],
            [
              -73.54195658035964,
              45.5707757613878
            ],
            [
              -73.54178570029215,
              45.57044143547331
            ],
            [
              -73.54166245386867,
              45.57009699425405
            ],
            [
              -73.5415880280196,
              45.56974575488724
            ],
            [
              -73.5415631395066,
              45.5693911
            ],
            [
              -73.5415880280196,
              45.56903644511275
            ],
            [
              -73.54166245386867,
              45.56868520574594
            ],
            [
              -73.54178570029215,
              45.56834076452668
            ],
            [
              -73.54195658035964,
              45.568006438612194
            ],
            [
              -73.54217344840266,
              45.56768544774381
            ],
            [
              -73.54243421586342,
              45.56738088323906
            ],
            [
              -73.54273637140871,
              45.56709567822061
            ],
            [
              -73.54307700511546,
              45.5668325793687
            ],
            [
              -73.54345283649486,
              45.566594120469105
            ],
            [
              -73.54386024608527,
              45.56638259801137
            ],
            [
              -73.54429531030965,
              45.5662000490724
            ],
            [
              -73.54475383926166,
              45.566048231698275
            ],
            [
              -73.54523141705684,
              45.56592860797329
            ],
            [
              -73.54572344435995,
              45.565842329939315
            ],
            [
              -73.54622518267911,
              45.56579022850097
            ],
            [
              -73.5467318,
              45.565772805423606
            ],
            [
              -73.5472384173209,
              45.56579022850097
            ],
            [
              -73.54774015564006,
              45.565842329939315
            ],
            [
              -73.54823218294317,
              45.56592860797329
            ],
            [
              -73.54870976073835,
              45.566048231698275
            ],
            [
              -73.54916828969036,
              45.5662000490724
            ],
            [
              -73.54960335391473,
              45.56638259801137
            ],
            [
              -73.55001076350514,
              45.566594120469105
            ],
            [
              -73.55038659488454,
              45.5668325793687
            ],
            [
              -73.5507272285913,
              45.56709567822061
            ],
            [
              -73.55102938413658,
              45.56738088323906
            ],
            [
              -73.55129015159734,
              45.56768544774381
            ],
            [
              -73.55150701964037,
              45.568006438612194
            ],
            [
              -73.55167789970785,
              45.56834076452668
            ],
            [
              -73.55180114613134,
              45.56868520574594
            ],
            [
              -73.5518755719804,
              45.56903644511275
            ],
            [
              -73.55190046049341,
              45.5693911
            ],
            [
              -73.5518755719804,
              45.56974575488724
            ],
            [
              -73.55180114613134,
              45.57009699425405
            ],
            [
              -73.55167789970785,
              45.57044143547331
            ],
            [
              -73.55150701964037,
              45.5707757613878
            ],
            [
              -73.55129015159734,
              45.57109675225618
            ],
            [
              -73.55102938413658,
              45.571401316760934
            ],
            [
              -73.5507272285913,
              45.571686521779384
            ],
            [
              -73.55038659488454,
              45.571949620631294
            ],
            [
              -73.55001076350514,
              45.57218807953089
            ],
            [
              -73.54960335391473,
              45.57239960198862
            ],
            [
              -73.54916828969036,
              45.572582150927595
            ],
            [
              -73.54870976073835,
              45.57273396830172
            ],
            [
              -73.54823218294317,
              45.5728535920267
            ],
            [
              -73.54774015564006,
              45.57293987006068
            ],
            [
              -73.5472384173209,
              45.57299197149902
            ],
            [
              -73.5467318,
              45.57300939457639
            ]
          ]
        ]
      },
      "properties": {
        "name": "Assomption",
        "system": "Metro",
        "zone": "A",
        "featureType": "hidingZone",
        "radiusMiles": 0.25,
        "lines": [
          "Green"
        ]
      }
    },
    {
      "type": "Feature",
      "geometry": {
        "type": "Point",
        "coordinates": [
          -73.5522155,
          45.5331536
        ]
      },
      "properties": {
        "name": "Frontenac",
        "system": "Metro",
        "zone": "A",
        "featureType": "station",
        "lines": [
          "Green"
        ]
      }
    },
    {
      "type": "Feature",
      "geometry": {
        "type": "Polygon",
        "coordinates": [
          [
            [
              -73.5522155,
              45.53677189457639
            ],
            [
              -73.5517092092168,
              45.53675447149902
            ],
            [
              -73.5512077942906,
              45.53670237006068
            ],
            [
              -73.55071608412125,
              45.536616092026705
            ],
            [
              -73.55023881414648,
              45.53649646830172
            ],
            [
              -73.54978058073705,
              45.536344650927596
            ],
            [
              -73.54934579693118,
              45.53616210198862
            ],
            [
              -73.5489386499346,
              45.53595057953089
            ],
            [
              -73.54856306079546,
              45.535712120631295
            ],
            [
              -73.54822264664249,
              45.535449021779385
            ],
            [
              -73.54792068585006,
              45.535163816760935
            ],
            [
              -73.54766008646568,
              45.53485925225618
            ],
            [
              -73.54744335820389,
              45.5345382613878
            ],
            [
              -73.5472725882763,
              45.534203935473315
            ],
            [
              -73.54714942129068,
              45.53385949425405
            ],
            [
              -73.54707504341245,
              45.533508254887245
            ],
            [
              -73.54705017094119,
              45.5331536
            ],
            [
              -73.54707504341245,
              45.53279894511275
            ],
            [
              -73.54714942129068,
              45.532447705745945
            ],
            [
              -73.5472725882763,
              45.53210326452668
            ],
            [
              -73.54744335820389,
              45.531768938612196
            ],
            [
              -73.54766008646568,
              45.531447947743814
            ],
            [
              -73.54792068585006,
              45.53114338323906
            ],
            [
              -73.54822264664249,
              45.53085817822061
            ],
            [
              -73.54856306079546,
              45.5305950793687
            ],
            [
              -73.5489386499346,
              45.53035662046911
            ],
            [
              -73.54934579693118,
              45.530145098011374
            ],
            [
              -73.54978058073705,
              45.5299625490724
            ],
            [
              -73.55023881414648,
              45.52981073169828
            ],
            [
              -73.55071608412125,
              45.52969110797329
            ],
            [
              -73.5512077942906,
              45.529604829939316
            ],
            [
              -73.5517092092168,
              45.529552728500974
            ],
            [
              -73.5522155,
              45.52953530542361
            ],
            [
              -73.55272179078321,
              45.529552728500974
            ],
            [
              -73.5532232057094,
              45.529604829939316
            ],
            [
              -73.55371491587876,
              45.52969110797329
            ],
            [
              -73.55419218585352,
              45.52981073169828
            ],
            [
              -73.55465041926296,
              45.5299625490724
            ],
            [
              -73.55508520306883,
              45.530145098011374
            ],
            [
              -73.5554923500654,
              45.53035662046911
            ],
            [
              -73.55586793920455,
              45.5305950793687
            ],
            [
              -73.55620835335752,
              45.53085817822061
            ],
            [
              -73.55651031414995,
              45.53114338323906
            ],
            [
              -73.55677091353432,
              45.531447947743814
            ],
            [
              -73.55698764179611,
              45.531768938612196
            ],
            [
              -73.5571584117237,
              45.53210326452668
            ],
            [
              -73.55728157870932,
              45.532447705745945
            ],
            [
              -73.55735595658756,
              45.53279894511275
            ],
            [
              -73.55738082905881,
              45.5331536
            ],
            [
              -73.55735595658756,
              45.533508254887245
            ],
            [
              -73.55728157870932,
              45.53385949425405
            ],
            [
              -73.5571584117237,
              45.534203935473315
            ],
            [
              -73.55698764179611,
              45.5345382613878
            ],
            [
              -73.55677091353432,
              45.53485925225618
            ],
            [
              -73.55651031414995,
              45.535163816760935
            ],
            [
              -73.55620835335752,
              45.535449021779385
            ],
            [
              -73.55586793920455,
              45.535712120631295
            ],
            [
              -73.5554923500654,
              45.53595057953089
            ],
            [
              -73.55508520306883,
              45.53616210198862
            ],
            [
              -73.55465041926296,
              45.536344650927596
            ],
            [
              -73.55419218585352,
              45.53649646830172
            ],
            [
              -73.55371491587876,
              45.536616092026705
            ],
            [
              -73.5532232057094,
              45.53670237006068
            ],
            [
              -73.55272179078321,
              45.53675447149902
            ],
            [
              -73.5522155,
              45.53677189457639
            ]
          ]
        ]
      },
      "properties": {
        "name": "Frontenac",
        "system": "Metro",
        "zone": "A",
        "featureType": "hidingZone",
        "radiusMiles": 0.25,
        "lines": [
          "Green"
        ]
      }
    },
    {
      "type": "Feature",
      "geometry": {
        "type": "Point",
        "coordinates": [
          -73.5521686,
          45.5237396
        ]
      },
      "properties": {
        "name": "Papineau",
        "system": "Metro",
        "zone": "A",
        "featureType": "station",
        "lines": [
          "Green"
        ]
      }
    },
    {
      "type": "Feature",
      "geometry": {
        "type": "Polygon",
        "coordinates": [
          [
            [
              -73.5521686,
              45.52735789457639
            ],
            [
              -73.55166239394477,
              45.52734047149902
            ],
            [
              -73.55116106293056,
              45.52728837006068
            ],
            [
              -73.55066943504912,
              45.527202092026705
            ],
            [
              -73.55019224494568,
              45.52708246830172
            ],
            [
              -73.5497340882218,
              45.526930650927596
            ],
            [
              -73.54929937717716,
              45.52674810198862
            ],
            [
              -73.54889229831682,
              45.52653657953089
            ],
            [
              -73.54851677203267,
              45.526298120631296
            ],
            [
              -73.54817641484814,
              45.526035021779386
            ],
            [
              -73.54787450458898,
              45.525749816760936
            ],
            [
              -73.54761394881602,
              45.52544525225618
            ],
            [
              -73.54739725682379,
              45.5251242613878
            ],
            [
              -73.54722651547462,
              45.524789935473315
            ],
            [
              -73.54710336910105,
              45.52444549425405
            ],
            [
              -73.54702900366998,
              45.524094254887245
            ],
            [
              -73.54700413536115,
              45.5237396
            ],
            [
              -73.54702900366998,
              45.52338494511275
            ],
            [
              -73.54710336910105,
              45.523033705745945
            ],
            [
              -73.54722651547462,
              45.52268926452668
            ],
            [
              -73.54739725682379,
              45.522354938612196
            ],
            [
              -73.54761394881602,
              45.522033947743815
            ],
            [
              -73.54787450458898,
              45.52172938323906
            ],
            [
              -73.54817641484814,
              45.52144417822061
            ],
            [
              -73.54851677203267,
              45.5211810793687
            ],
            [
              -73.54889229831682,
              45.52094262046911
            ],
            [
              -73.54929937717716,
              45.520731098011375
            ],
            [
              -73.5497340882218,
              45.5205485490724
            ],
            [
              -73.55019224494568,
              45.52039673169828
            ],
            [
              -73.55066943504912,
              45.52027710797329
            ],
            [
              -73.55116106293056,
              45.52019082993932
            ],
            [
              -73.55166239394477,
              45.520138728500974
            ],
            [
              -73.5521686,
              45.52012130542361
            ],
            [
              -73.55267480605524,
              45.520138728500974
            ],
            [
              -73.55317613706944,
              45.52019082993932
            ],
            [
              -73.55366776495089,
              45.52027710797329
            ],
            [
              -73.55414495505433,
              45.52039673169828
            ],
            [
              -73.5546031117782,
              45.5205485490724
            ],
            [
              -73.55503782282284,
              45.520731098011375
            ],
            [
              -73.55544490168319,
              45.52094262046911
            ],
            [
              -73.55582042796733,
              45.5211810793687
            ],
            [
              -73.55616078515186,
              45.52144417822061
            ],
            [
              -73.55646269541103,
              45.52172938323906
            ],
            [
              -73.55672325118398,
              45.522033947743815
            ],
            [
              -73.55693994317622,
              45.522354938612196
            ],
            [
              -73.55711068452538,
              45.52268926452668
            ],
            [
              -73.55723383089895,
              45.523033705745945
            ],
            [
              -73.55730819633003,
              45.52338494511275
            ],
            [
              -73.55733306463885,
              45.5237396
            ],
            [
              -73.55730819633003,
              45.524094254887245
            ],
            [
              -73.55723383089895,
              45.52444549425405
            ],
            [
              -73.55711068452538,
              45.524789935473315
            ],
            [
              -73.55693994317622,
              45.5251242613878
            ],
            [
              -73.55672325118398,
              45.52544525225618
            ],
            [
              -73.55646269541103,
              45.525749816760936
            ],
            [
              -73.55616078515186,
              45.526035021779386
            ],
            [
              -73.55582042796733,
              45.526298120631296
            ],
            [
              -73.55544490168319,
              45.52653657953089
            ],
            [
              -73.55503782282284,
              45.52674810198862
            ],
            [
              -73.5546031117782,
              45.526930650927596
            ],
            [
              -73.55414495505433,
              45.52708246830172
            ],
            [
              -73.55366776495089,
              45.527202092026705
            ],
            [
              -73.55317613706944,
              45.52728837006068
            ],
            [
              -73.55267480605524,
              45.52734047149902
            ],
            [
              -73.5521686,
              45.52735789457639
            ]
          ]
        ]
      },
      "properties": {
        "name": "Papineau",
        "system": "Metro",
        "zone": "A",
        "featureType": "hidingZone",
        "radiusMiles": 0.25,
        "lines": [
          "Green"
        ]
      }
    },
    {
      "type": "Feature",
      "geometry": {
        "type": "Point",
        "coordinates": [
          -73.5571716,
          45.5195498
        ]
      },
      "properties": {
        "name": "Beaudry",
        "system": "Metro",
        "zone": "A",
        "featureType": "station",
        "lines": [
          "Green"
        ]
      }
    },
    {
      "type": "Feature",
      "geometry": {
        "type": "Polygon",
        "coordinates": [
          [
            [
              -73.5571716,
              45.52316809457639
            ],
            [
              -73.55666543164034,
              45.523150671499025
            ],
            [
              -73.55616413795867,
              45.52309857006068
            ],
            [
              -73.55567254668719,
              45.523012292026706
            ],
            [
              -73.55519539211859,
              45.52289266830172
            ],
            [
              -73.55473726951219,
              45.5227408509276
            ],
            [
              -73.55430259083913,
              45.522558301988624
            ],
            [
              -73.55389554229265,
              45.52234677953089
            ],
            [
              -73.55352004397275,
              45.5221083206313
            ],
            [
              -73.55317971213356,
              45.52184522177939
            ],
            [
              -73.5528778243567,
              45.52156001676094
            ],
            [
              -73.55261728798651,
              45.521255452256185
            ],
            [
              -73.55240061213064,
              45.5209344613878
            ],
            [
              -73.55222988349604,
              45.520600135473316
            ],
            [
              -73.5521067462928,
              45.520255694254054
            ],
            [
              -73.55203238639947,
              45.51990445488725
            ],
            [
              -73.5520075199425,
              45.5195498
            ],
            [
              -73.55203238639947,
              45.519195145112754
            ],
            [
              -73.5521067462928,
              45.518843905745946
            ],
            [
              -73.55222988349604,
              45.518499464526684
            ],
            [
              -73.55240061213064,
              45.5181651386122
            ],
            [
              -73.55261728798651,
              45.517844147743816
            ],
            [
              -73.5528778243567,
              45.51753958323906
            ],
            [
              -73.55317971213356,
              45.51725437822061
            ],
            [
              -73.55352004397275,
              45.5169912793687
            ],
            [
              -73.55389554229265,
              45.51675282046911
            ],
            [
              -73.55430259083913,
              45.516541298011376
            ],
            [
              -73.55473726951219,
              45.5163587490724
            ],
            [
              -73.55519539211859,
              45.51620693169828
            ],
            [
              -73.55567254668719,
              45.516087307973294
            ],
            [
              -73.55616413795867,
              45.51600102993932
            ],
            [
              -73.55666543164034,
              45.515948928500976
            ],
            [
              -73.5571716,
              45.51593150542361
            ],
            [
              -73.55767776835967,
              45.515948928500976
            ],
            [
              -73.55817906204133,
              45.51600102993932
            ],
            [
              -73.55867065331282,
              45.516087307973294
            ],
            [
              -73.55914780788142,
              45.51620693169828
            ],
            [
              -73.55960593048782,
              45.5163587490724
            ],
            [
              -73.56004060916088,
              45.516541298011376
            ],
            [
              -73.56044765770736,
              45.51675282046911
            ],
            [
              -73.56082315602725,
              45.5169912793687
            ],
            [
              -73.56116348786645,
              45.51725437822061
            ],
            [
              -73.56146537564331,
              45.51753958323906
            ],
            [
              -73.5617259120135,
              45.517844147743816
            ],
            [
              -73.56194258786937,
              45.5181651386122
            ],
            [
              -73.56211331650397,
              45.518499464526684
            ],
            [
              -73.56223645370721,
              45.518843905745946
            ],
            [
              -73.56231081360053,
              45.519195145112754
            ],
            [
              -73.5623356800575,
              45.5195498
            ],
            [
              -73.56231081360053,
              45.51990445488725
            ],
            [
              -73.56223645370721,
              45.520255694254054
            ],
            [
              -73.56211331650397,
              45.520600135473316
            ],
            [
              -73.56194258786937,
              45.5209344613878
            ],
            [
              -73.5617259120135,
              45.521255452256185
            ],
            [
              -73.56146537564331,
              45.52156001676094
            ],
            [
              -73.56116348786645,
              45.52184522177939
            ],
            [
              -73.56082315602725,
              45.5221083206313
            ],
            [
              -73.56044765770736,
              45.52234677953089
            ],
            [
              -73.56004060916088,
              45.522558301988624
            ],
            [
              -73.55960593048782,
              45.5227408509276
            ],
            [
              -73.55914780788142,
              45.52289266830172
            ],
            [
              -73.55867065331282,
              45.523012292026706
            ],
            [
              -73.55817906204133,
              45.52309857006068
            ],
            [
              -73.55767776835967,
              45.523150671499025
            ],
            [
              -73.5571716,
              45.52316809457639
            ]
          ]
        ]
      },
      "properties": {
        "name": "Beaudry",
        "system": "Metro",
        "zone": "A",
        "featureType": "hidingZone",
        "radiusMiles": 0.25,
        "lines": [
          "Green"
        ]
      }
    },
    {
      "type": "Feature",
      "geometry": {
        "type": "Point",
        "coordinates": [
          -73.5750881,
          45.5006095
        ]
      },
      "properties": {
        "name": "Peel",
        "system": "Metro",
        "zone": "A",
        "featureType": "station",
        "lines": [
          "Green"
        ]
      }
    },
    {
      "type": "Feature",
      "geometry": {
        "type": "Polygon",
        "coordinates": [
          [
            [
              -73.5750881,
              45.504227794576394
            ],
            [
              -73.57458210194213,
              45.50421037149903
            ],
            [
              -73.57408097692216,
              45.504158270060685
            ],
            [
              -73.57358955104799,
              45.50407199202671
            ],
            [
              -73.57311255701941,
              45.503952368301725
            ],
            [
              -73.57265458854968,
              45.5038005509276
            ],
            [
              -73.5722200561255,
              45.50361800198863
            ],
            [
              -73.57181314453167,
              45.503406479530895
            ],
            [
              -73.57143777254927,
              45.5031680206313
            ],
            [
              -73.5710975552157,
              45.50290492177939
            ],
            [
              -73.57079576900985,
              45.50261971676094
            ],
            [
              -73.57053532029786,
              45.50231515225619
            ],
            [
              -73.57031871734321,
              45.501994161387806
            ],
            [
              -73.57014804615075,
              45.50165983547332
            ],
            [
              -73.57002495037737,
              45.50131539425406
            ],
            [
              -73.56995061550265,
              45.50096415488725
            ],
            [
              -73.56992575741208,
              45.5006095
            ],
            [
              -73.56995061550265,
              45.50025484511276
            ],
            [
              -73.57002495037737,
              45.49990360574595
            ],
            [
              -73.57014804615075,
              45.49955916452669
            ],
            [
              -73.57031871734321,
              45.4992248386122
            ],
            [
              -73.57053532029786,
              45.49890384774382
            ],
            [
              -73.57079576900985,
              45.498599283239066
            ],
            [
              -73.5710975552157,
              45.498314078220616
            ],
            [
              -73.57143777254927,
              45.498050979368706
            ],
            [
              -73.57181314453167,
              45.49781252046911
            ],
            [
              -73.5722200561255,
              45.49760099801138
            ],
            [
              -73.57265458854968,
              45.497418449072406
            ],
            [
              -73.57311255701941,
              45.49726663169828
            ],
            [
              -73.57358955104799,
              45.4971470079733
            ],
            [
              -73.57408097692216,
              45.49706072993932
            ],
            [
              -73.57458210194213,
              45.49700862850098
            ],
            [
              -73.5750881,
              45.49699120542361
            ],
            [
              -73.57559409805788,
              45.49700862850098
            ],
            [
              -73.57609522307784,
              45.49706072993932
            ],
            [
              -73.57658664895202,
              45.4971470079733
            ],
            [
              -73.57706364298059,
              45.49726663169828
            ],
            [
              -73.57752161145032,
              45.497418449072406
            ],
            [
              -73.5779561438745,
              45.49760099801138
            ],
            [
              -73.57836305546833,
              45.49781252046911
            ],
            [
              -73.57873842745073,
              45.498050979368706
            ],
            [
              -73.5790786447843,
              45.498314078220616
            ],
            [
              -73.57938043099016,
              45.498599283239066
            ],
            [
              -73.57964087970214,
              45.49890384774382
            ],
            [
              -73.57985748265679,
              45.4992248386122
            ],
            [
              -73.58002815384926,
              45.49955916452669
            ],
            [
              -73.58015124962263,
              45.49990360574595
            ],
            [
              -73.58022558449736,
              45.50025484511276
            ],
            [
              -73.58025044258792,
              45.5006095
            ],
            [
              -73.58022558449736,
              45.50096415488725
            ],
            [
              -73.58015124962263,
              45.50131539425406
            ],
            [
              -73.58002815384926,
              45.50165983547332
            ],
            [
              -73.57985748265679,
              45.501994161387806
            ],
            [
              -73.57964087970214,
              45.50231515225619
            ],
            [
              -73.57938043099016,
              45.50261971676094
            ],
            [
              -73.5790786447843,
              45.50290492177939
            ],
            [
              -73.57873842745073,
              45.5031680206313
            ],
            [
              -73.57836305546833,
              45.503406479530895
            ],
            [
              -73.5779561438745,
              45.50361800198863
            ],
            [
              -73.57752161145032,
              45.5038005509276
            ],
            [
              -73.57706364298059,
              45.503952368301725
            ],
            [
              -73.57658664895202,
              45.50407199202671
            ],
            [
              -73.57609522307784,
              45.504158270060685
            ],
            [
              -73.57559409805788,
              45.50421037149903
            ],
            [
              -73.5750881,
              45.504227794576394
            ]
          ]
        ]
      },
      "properties": {
        "name": "Peel",
        "system": "Metro",
        "zone": "A",
        "featureType": "hidingZone",
        "radiusMiles": 0.25,
        "lines": [
          "Green"
        ]
      }
    },
    {
      "type": "Feature",
      "geometry": {
        "type": "Point",
        "coordinates": [
          -73.5661308,
          45.4708146
        ]
      },
      "properties": {
        "name": "LaSalle",
        "system": "Metro",
        "zone": "A",
        "featureType": "station",
        "lines": [
          "Green"
        ]
      }
    },
    {
      "type": "Feature",
      "geometry": {
        "type": "Polygon",
        "coordinates": [
          [
            [
              -73.5661308,
              45.47443289457639
            ],
            [
              -73.56562506949952,
              45.47441547149902
            ],
            [
              -73.56512420946021,
              45.47436337006068
            ],
            [
              -73.56463304343806,
              45.4742770920267
            ],
            [
              -73.56415630163036,
              45.47415746830172
            ],
            [
              -73.56369857532133,
              45.474005650927595
            ],
            [
              -73.56326427266555,
              45.47382310198862
            ],
            [
              -73.56285757623499,
              45.47361157953089
            ],
            [
              -73.56248240273862,
              45.473373120631294
            ],
            [
              -73.56214236530231,
              45.473110021779384
            ],
            [
              -73.56184073867242,
              45.472824816760934
            ],
            [
              -73.56158042767831,
              45.47252025225618
            ],
            [
              -73.56136393925713,
              45.4721992613878
            ],
            [
              -73.56119335831075,
              45.47186493547331
            ],
            [
              -73.56107032762691,
              45.47152049425405
            ],
            [
              -73.56099603205837,
              45.47116925488724
            ],
            [
              -73.56097118711205,
              45.4708146
            ],
            [
              -73.56099603205837,
              45.47045994511275
            ],
            [
              -73.56107032762691,
              45.47010870574594
            ],
            [
              -73.56119335831075,
              45.46976426452668
            ],
            [
              -73.56136393925713,
              45.469429938612194
            ],
            [
              -73.56158042767831,
              45.46910894774381
            ],
            [
              -73.56184073867242,
              45.46880438323906
            ],
            [
              -73.56214236530231,
              45.46851917822061
            ],
            [
              -73.56248240273862,
              45.4682560793687
            ],
            [
              -73.56285757623499,
              45.468017620469105
            ],
            [
              -73.56326427266555,
              45.46780609801137
            ],
            [
              -73.56369857532133,
              45.4676235490724
            ],
            [
              -73.56415630163036,
              45.467471731698275
            ],
            [
              -73.56463304343806,
              45.46735210797329
            ],
            [
              -73.56512420946021,
              45.467265829939315
            ],
            [
              -73.56562506949952,
              45.46721372850097
            ],
            [
              -73.5661308,
              45.467196305423606
            ],
            [
              -73.56663653050047,
              45.46721372850097
            ],
            [
              -73.56713739053978,
              45.467265829939315
            ],
            [
              -73.56762855656193,
              45.46735210797329
            ],
            [
              -73.56810529836963,
              45.467471731698275
            ],
            [
              -73.56856302467867,
              45.4676235490724
            ],
            [
              -73.56899732733444,
              45.46780609801137
            ],
            [
              -73.569404023765,
              45.468017620469105
            ],
            [
              -73.56977919726137,
              45.4682560793687
            ],
            [
              -73.57011923469769,
              45.46851917822061
            ],
            [
              -73.57042086132758,
              45.46880438323906
            ],
            [
              -73.57068117232168,
              45.46910894774381
            ],
            [
              -73.57089766074286,
              45.469429938612194
            ],
            [
              -73.57106824168925,
              45.46976426452668
            ],
            [
              -73.57119127237308,
              45.47010870574594
            ],
            [
              -73.57126556794162,
              45.47045994511275
            ],
            [
              -73.57129041288795,
              45.4708146
            ],
            [
              -73.57126556794162,
              45.47116925488724
            ],
            [
              -73.57119127237308,
              45.47152049425405
            ],
            [
              -73.57106824168925,
              45.47186493547331
            ],
            [
              -73.57089766074286,
              45.4721992613878
            ],
            [
              -73.57068117232168,
              45.47252025225618
            ],
            [
              -73.57042086132758,
              45.472824816760934
            ],
            [
              -73.57011923469769,
              45.473110021779384
            ],
            [
              -73.56977919726137,
              45.473373120631294
            ],
            [
              -73.569404023765,
              45.47361157953089
            ],
            [
              -73.56899732733444,
              45.47382310198862
            ],
            [
              -73.56856302467867,
              45.474005650927595
            ],
            [
              -73.56810529836963,
              45.47415746830172
            ],
            [
              -73.56762855656193,
              45.4742770920267
            ],
            [
              -73.56713739053978,
              45.47436337006068
            ],
            [
              -73.56663653050047,
              45.47441547149902
            ],
            [
              -73.5661308,
              45.47443289457639
            ]
          ]
        ]
      },
      "properties": {
        "name": "LaSalle",
        "system": "Metro",
        "zone": "A",
        "featureType": "hidingZone",
        "radiusMiles": 0.25,
        "lines": [
          "Green"
        ]
      }
    },
    {
      "type": "Feature",
      "geometry": {
        "type": "Point",
        "coordinates": [
          -73.5720103,
          45.4592869
        ]
      },
      "properties": {
        "name": "Verdun",
        "system": "Metro",
        "zone": "A",
        "featureType": "station",
        "lines": [
          "Green"
        ]
      }
    },
    {
      "type": "Feature",
      "geometry": {
        "type": "Polygon",
        "coordinates": [
          [
            [
              -73.5720103,
              45.46290519457639
            ],
            [
              -73.57150467290538,
              45.46288777149903
            ],
            [
              -73.57100391527607,
              45.462835670060684
            ],
            [
              -73.5705128496818,
              45.46274939202671
            ],
            [
              -73.5700362053527,
              45.462629768301724
            ],
            [
              -73.56957857263419,
              45.4624779509276
            ],
            [
              -73.56914435877952,
              45.46229540198863
            ],
            [
              -73.5687377455055,
              45.462083879530894
            ],
            [
              -73.56836264872022,
              45.4618454206313
            ],
            [
              -73.56802268081078,
              45.46158232177939
            ],
            [
              -73.56772111585398,
              45.46129711676094
            ],
            [
              -73.56746085808521,
              45.46099255225619
            ],
            [
              -73.56724441392906,
              45.460671561387805
            ],
            [
              -73.56707386786107,
              45.46033723547332
            ],
            [
              -73.56695086233312,
              45.459992794254056
            ],
            [
              -73.56687658195565,
              45.45964155488725
            ],
            [
              -73.56685174208933,
              45.4592869
            ],
            [
              -73.56687658195565,
              45.458932245112756
            ],
            [
              -73.56695086233312,
              45.45858100574595
            ],
            [
              -73.56707386786107,
              45.458236564526686
            ],
            [
              -73.56724441392906,
              45.4579022386122
            ],
            [
              -73.56746085808521,
              45.45758124774382
            ],
            [
              -73.56772111585398,
              45.457276683239066
            ],
            [
              -73.56802268081078,
              45.456991478220615
            ],
            [
              -73.56836264872022,
              45.456728379368705
            ],
            [
              -73.5687377455055,
              45.45648992046911
            ],
            [
              -73.56914435877952,
              45.45627839801138
            ],
            [
              -73.56957857263419,
              45.456095849072405
            ],
            [
              -73.5700362053527,
              45.45594403169828
            ],
            [
              -73.5705128496818,
              45.455824407973296
            ],
            [
              -73.57100391527607,
              45.45573812993932
            ],
            [
              -73.57150467290538,
              45.45568602850098
            ],
            [
              -73.5720103,
              45.45566860542361
            ],
            [
              -73.57251592709463,
              45.45568602850098
            ],
            [
              -73.57301668472394,
              45.45573812993932
            ],
            [
              -73.5735077503182,
              45.455824407973296
            ],
            [
              -73.57398439464731,
              45.45594403169828
            ],
            [
              -73.57444202736582,
              45.456095849072405
            ],
            [
              -73.57487624122048,
              45.45627839801138
            ],
            [
              -73.5752828544945,
              45.45648992046911
            ],
            [
              -73.57565795127978,
              45.456728379368705
            ],
            [
              -73.57599791918922,
              45.456991478220615
            ],
            [
              -73.57629948414602,
              45.457276683239066
            ],
            [
              -73.57655974191479,
              45.45758124774382
            ],
            [
              -73.57677618607094,
              45.4579022386122
            ],
            [
              -73.57694673213894,
              45.458236564526686
            ],
            [
              -73.57706973766689,
              45.45858100574595
            ],
            [
              -73.57714401804435,
              45.458932245112756
            ],
            [
              -73.57716885791068,
              45.4592869
            ],
            [
              -73.57714401804435,
              45.45964155488725
            ],
            [
              -73.57706973766689,
              45.459992794254056
            ],
            [
              -73.57694673213894,
              45.46033723547332
            ],
            [
              -73.57677618607094,
              45.460671561387805
            ],
            [
              -73.57655974191479,
              45.46099255225619
            ],
            [
              -73.57629948414602,
              45.46129711676094
            ],
            [
              -73.57599791918922,
              45.46158232177939
            ],
            [
              -73.57565795127978,
              45.4618454206313
            ],
            [
              -73.5752828544945,
              45.462083879530894
            ],
            [
              -73.57487624122048,
              45.46229540198863
            ],
            [
              -73.57444202736582,
              45.4624779509276
            ],
            [
              -73.57398439464731,
              45.462629768301724
            ],
            [
              -73.5735077503182,
              45.46274939202671
            ],
            [
              -73.57301668472394,
              45.462835670060684
            ],
            [
              -73.57251592709463,
              45.46288777149903
            ],
            [
              -73.5720103,
              45.46290519457639
            ]
          ]
        ]
      },
      "properties": {
        "name": "Verdun",
        "system": "Metro",
        "zone": "A",
        "featureType": "hidingZone",
        "radiusMiles": 0.25,
        "lines": [
          "Green"
        ]
      }
    },
    {
      "type": "Feature",
      "geometry": {
        "type": "Point",
        "coordinates": [
          -73.9099082,
          45.4315922
        ]
      },
      "properties": {
        "name": "Anse-à-l'Orme",
        "system": "REM",
        "zone": "A",
        "featureType": "station",
        "lines": [
          "REM"
        ]
      }
    },
    {
      "type": "Feature",
      "geometry": {
        "type": "Polygon",
        "coordinates": [
          [
            [
              -73.9099082,
              45.43521049457639
            ],
            [
              -73.90940282107624,
              45.43519307149902
            ],
            [
              -73.9089023092278,
              45.43514097006068
            ],
            [
              -73.90841148465735,
              45.4350546920267
            ],
            [
              -73.90793507427385,
              45.43493506830172
            ],
            [
              -73.90747766616971,
              45.434783250927595
            ],
            [
              -73.90704366543503,
              45.43460070198862
            ],
            [
              -73.90663725173411,
              45.43438917953089
            ],
            [
              -73.90626233905307,
              45.434150720631294
            ],
            [
              -73.905922538006,
              45.433887621779384
            ],
            [
              -73.9056211210627,
              45.433602416760934
            ],
            [
              -73.90536099103312,
              45.43329785225618
            ],
            [
              -73.90514465311165,
              45.4329768613878
            ],
            [
              -73.90497419075075,
              45.43264253547331
            ],
            [
              -73.9048512455961,
              45.43229809425405
            ],
            [
              -73.90477700167679,
              45.431946854887244
            ],
            [
              -73.90475217400233,
              45.4315922
            ],
            [
              -73.90477700167679,
              45.43123754511275
            ],
            [
              -73.9048512455961,
              45.43088630574594
            ],
            [
              -73.90497419075075,
              45.43054186452668
            ],
            [
              -73.90514465311165,
              45.430207538612194
            ],
            [
              -73.90536099103312,
              45.42988654774381
            ],
            [
              -73.9056211210627,
              45.42958198323906
            ],
            [
              -73.905922538006,
              45.42929677822061
            ],
            [
              -73.90626233905307,
              45.4290336793687
            ],
            [
              -73.90663725173411,
              45.428795220469105
            ],
            [
              -73.90704366543503,
              45.42858369801137
            ],
            [
              -73.90747766616971,
              45.4284011490724
            ],
            [
              -73.90793507427385,
              45.428249331698275
            ],
            [
              -73.90841148465735,
              45.42812970797329
            ],
            [
              -73.9089023092278,
              45.428043429939315
            ],
            [
              -73.90940282107624,
              45.42799132850097
            ],
            [
              -73.9099082,
              45.427973905423606
            ],
            [
              -73.91041357892377,
              45.42799132850097
            ],
            [
              -73.91091409077221,
              45.428043429939315
            ],
            [
              -73.91140491534266,
              45.42812970797329
            ],
            [
              -73.91188132572616,
              45.428249331698275
            ],
            [
              -73.9123387338303,
              45.4284011490724
            ],
            [
              -73.91277273456498,
              45.42858369801137
            ],
            [
              -73.9131791482659,
              45.428795220469105
            ],
            [
              -73.91355406094694,
              45.4290336793687
            ],
            [
              -73.91389386199401,
              45.42929677822061
            ],
            [
              -73.91419527893731,
              45.42958198323906
            ],
            [
              -73.91445540896689,
              45.42988654774381
            ],
            [
              -73.91467174688836,
              45.430207538612194
            ],
            [
              -73.91484220924926,
              45.43054186452668
            ],
            [
              -73.9149651544039,
              45.43088630574594
            ],
            [
              -73.91503939832322,
              45.43123754511275
            ],
            [
              -73.91506422599768,
              45.4315922
            ],
            [
              -73.91503939832322,
              45.431946854887244
            ],
            [
              -73.9149651544039,
              45.43229809425405
            ],
            [
              -73.91484220924926,
              45.43264253547331
            ],
            [
              -73.91467174688836,
              45.4329768613878
            ],
            [
              -73.91445540896689,
              45.43329785225618
            ],
            [
              -73.91419527893731,
              45.433602416760934
            ],
            [
              -73.91389386199401,
              45.433887621779384
            ],
            [
              -73.91355406094694,
              45.434150720631294
            ],
            [
              -73.9131791482659,
              45.43438917953089
            ],
            [
              -73.91277273456498,
              45.43460070198862
            ],
            [
              -73.9123387338303,
              45.434783250927595
            ],
            [
              -73.91188132572616,
              45.43493506830172
            ],
            [
              -73.91140491534266,
              45.4350546920267
            ],
            [
              -73.91091409077221,
              45.43514097006068
            ],
            [
              -73.91041357892377,
              45.43519307149902
            ],
            [
              -73.9099082,
              45.43521049457639
            ]
          ]
        ]
      },
      "properties": {
        "name": "Anse-à-l'Orme",
        "system": "REM",
        "zone": "A",
        "featureType": "hidingZone",
        "radiusMiles": 0.25,
        "lines": [
          "REM"
        ]
      }
    },
    {
      "type": "Feature",
      "geometry": {
        "type": "Point",
        "coordinates": [
          -73.7911081,
          45.4771109
        ]
      },
      "properties": {
        "name": "Des Sources",
        "system": "REM",
        "zone": "A",
        "featureType": "station",
        "lines": [
          "REM"
        ]
      }
    },
    {
      "type": "Feature",
      "geometry": {
        "type": "Polygon",
        "coordinates": [
          [
            [
              -73.7911081,
              45.48072919457639
            ],
            [
              -73.7906023129939,
              45.480711771499024
            ],
            [
              -73.79010139699315,
              45.48065967006068
            ],
            [
              -73.78961017609268,
              45.480573392026706
            ],
            [
              -73.78913338101827,
              45.48045376830172
            ],
            [
              -73.78867560356717,
              45.4803019509276
            ],
            [
              -73.78824125238644,
              45.480119401988624
            ],
            [
              -73.78783451051542,
              45.47990787953089
            ],
            [
              -73.78745929510065,
              45.479669420631296
            ],
            [
              -73.78711921967171,
              45.479406321779386
            ],
            [
              -73.78681755934088,
              45.479121116760936
            ],
            [
              -73.78655721926202,
              45.478816552256184
            ],
            [
              -73.78634070665245,
              45.4784955613878
            ],
            [
              -73.78617010664694,
              45.478161235473316
            ],
            [
              -73.7860470622168,
              45.47781679425405
            ],
            [
              -73.78597275834716,
              45.477465554887246
            ],
            [
              -73.78594791062488,
              45.4771109
            ],
            [
              -73.78597275834716,
              45.47675624511275
            ],
            [
              -73.7860470622168,
              45.476405005745946
            ],
            [
              -73.78617010664694,
              45.47606056452668
            ],
            [
              -73.78634070665245,
              45.4757262386122
            ],
            [
              -73.78655721926202,
              45.475405247743815
            ],
            [
              -73.78681755934088,
              45.47510068323906
            ],
            [
              -73.78711921967171,
              45.47481547822061
            ],
            [
              -73.78745929510065,
              45.4745523793687
            ],
            [
              -73.78783451051542,
              45.47431392046911
            ],
            [
              -73.78824125238644,
              45.474102398011375
            ],
            [
              -73.78867560356717,
              45.4739198490724
            ],
            [
              -73.78913338101827,
              45.47376803169828
            ],
            [
              -73.78961017609268,
              45.47364840797329
            ],
            [
              -73.79010139699315,
              45.47356212993932
            ],
            [
              -73.7906023129939,
              45.473510028500975
            ],
            [
              -73.7911081,
              45.47349260542361
            ],
            [
              -73.79161388700611,
              45.473510028500975
            ],
            [
              -73.79211480300685,
              45.47356212993932
            ],
            [
              -73.79260602390733,
              45.47364840797329
            ],
            [
              -73.79308281898173,
              45.47376803169828
            ],
            [
              -73.79354059643283,
              45.4739198490724
            ],
            [
              -73.79397494761356,
              45.474102398011375
            ],
            [
              -73.79438168948458,
              45.47431392046911
            ],
            [
              -73.79475690489936,
              45.4745523793687
            ],
            [
              -73.7950969803283,
              45.47481547822061
            ],
            [
              -73.79539864065913,
              45.47510068323906
            ],
            [
              -73.79565898073798,
              45.475405247743815
            ],
            [
              -73.79587549334755,
              45.4757262386122
            ],
            [
              -73.79604609335307,
              45.47606056452668
            ],
            [
              -73.79616913778321,
              45.476405005745946
            ],
            [
              -73.79624344165285,
              45.47675624511275
            ],
            [
              -73.79626828937512,
              45.4771109
            ],
            [
              -73.79624344165285,
              45.477465554887246
            ],
            [
              -73.79616913778321,
              45.47781679425405
            ],
            [
              -73.79604609335307,
              45.478161235473316
            ],
            [
              -73.79587549334755,
              45.4784955613878
            ],
            [
              -73.79565898073798,
              45.478816552256184
            ],
            [
              -73.79539864065913,
              45.479121116760936
            ],
            [
              -73.7950969803283,
              45.479406321779386
            ],
            [
              -73.79475690489936,
              45.479669420631296
            ],
            [
              -73.79438168948458,
              45.47990787953089
            ],
            [
              -73.79397494761356,
              45.480119401988624
            ],
            [
              -73.79354059643283,
              45.4803019509276
            ],
            [
              -73.79308281898173,
              45.48045376830172
            ],
            [
              -73.79260602390733,
              45.480573392026706
            ],
            [
              -73.79211480300685,
              45.48065967006068
            ],
            [
              -73.79161388700611,
              45.480711771499024
            ],
            [
              -73.7911081,
              45.48072919457639
            ]
          ]
        ]
      },
      "properties": {
        "name": "Des Sources",
        "system": "REM",
        "zone": "A",
        "featureType": "hidingZone",
        "radiusMiles": 0.25,
        "lines": [
          "REM"
        ]
      }
    },
    {
      "type": "Feature",
      "geometry": {
        "type": "Point",
        "coordinates": [
          -73.7602942,
          45.4800508
        ]
      },
      "properties": {
        "name": "Marie-Curie",
        "system": "REM",
        "zone": "A",
        "featureType": "station",
        "lines": [
          "REM"
        ]
      }
    },
    {
      "type": "Feature",
      "geometry": {
        "type": "Polygon",
        "coordinates": [
          [
            [
              -73.7602942,
              45.48366909457639
            ],
            [
              -73.75978838660359,
              45.483651671499025
            ],
            [
              -73.7592874444667,
              45.48359957006068
            ],
            [
              -73.75879619793592,
              45.48351329202671
            ],
            [
              -73.75831937798392,
              45.48339366830172
            ],
            [
              -73.75786157664749,
              45.4832418509276
            ],
            [
              -73.75742720280375,
              45.483059301988625
            ],
            [
              -73.75702043971026,
              45.48284777953089
            ],
            [
              -73.756645204718,
              45.4826093206313
            ],
            [
              -73.75630511154503,
              45.48234622177939
            ],
            [
              -73.75600343547454,
              45.48206101676094
            ],
            [
              -73.75574308181201,
              45.481756452256185
            ],
            [
              -73.75552655790551,
              45.481435461387804
            ],
            [
              -73.75535594899866,
              45.48110113547332
            ],
            [
              -73.75523289814846,
              45.480756694254055
            ],
            [
              -73.75515859040189,
              45.48040545488725
            ],
            [
              -73.75513374138315,
              45.4800508
            ],
            [
              -73.75515859040189,
              45.479696145112754
            ],
            [
              -73.75523289814846,
              45.47934490574595
            ],
            [
              -73.75535594899866,
              45.479000464526685
            ],
            [
              -73.75552655790551,
              45.4786661386122
            ],
            [
              -73.75574308181201,
              45.478345147743816
            ],
            [
              -73.75600343547454,
              45.478040583239064
            ],
            [
              -73.75630511154503,
              45.477755378220614
            ],
            [
              -73.756645204718,
              45.477492279368704
            ],
            [
              -73.75702043971026,
              45.47725382046911
            ],
            [
              -73.75742720280375,
              45.477042298011376
            ],
            [
              -73.75786157664749,
              45.4768597490724
            ],
            [
              -73.75831937798392,
              45.47670793169828
            ],
            [
              -73.75879619793592,
              45.476588307973294
            ],
            [
              -73.7592874444667,
              45.47650202993932
            ],
            [
              -73.75978838660359,
              45.476449928500976
            ],
            [
              -73.7602942,
              45.47643250542361
            ],
            [
              -73.76080001339642,
              45.476449928500976
            ],
            [
              -73.76130095553332,
              45.47650202993932
            ],
            [
              -73.76179220206409,
              45.476588307973294
            ],
            [
              -73.76226902201608,
              45.47670793169828
            ],
            [
              -73.76272682335252,
              45.4768597490724
            ],
            [
              -73.76316119719625,
              45.477042298011376
            ],
            [
              -73.76356796028975,
              45.47725382046911
            ],
            [
              -73.76394319528201,
              45.477492279368704
            ],
            [
              -73.76428328845498,
              45.477755378220614
            ],
            [
              -73.76458496452547,
              45.478040583239064
            ],
            [
              -73.764845318188,
              45.478345147743816
            ],
            [
              -73.7650618420945,
              45.4786661386122
            ],
            [
              -73.76523245100135,
              45.479000464526685
            ],
            [
              -73.76535550185154,
              45.47934490574595
            ],
            [
              -73.76542980959812,
              45.479696145112754
            ],
            [
              -73.76545465861686,
              45.4800508
            ],
            [
              -73.76542980959812,
              45.48040545488725
            ],
            [
              -73.76535550185154,
              45.480756694254055
            ],
            [
              -73.76523245100135,
              45.48110113547332
            ],
            [
              -73.7650618420945,
              45.481435461387804
            ],
            [
              -73.764845318188,
              45.481756452256185
            ],
            [
              -73.76458496452547,
              45.48206101676094
            ],
            [
              -73.76428328845498,
              45.48234622177939
            ],
            [
              -73.76394319528201,
              45.4826093206313
            ],
            [
              -73.76356796028975,
              45.48284777953089
            ],
            [
              -73.76316119719625,
              45.483059301988625
            ],
            [
              -73.76272682335252,
              45.4832418509276
            ],
            [
              -73.76226902201608,
              45.48339366830172
            ],
            [
              -73.76179220206409,
              45.48351329202671
            ],
            [
              -73.76130095553332,
              45.48359957006068
            ],
            [
              -73.76080001339642,
              45.483651671499025
            ],
            [
              -73.7602942,
              45.48366909457639
            ]
          ]
        ]
      },
      "properties": {
        "name": "Marie-Curie",
        "system": "REM",
        "zone": "A",
        "featureType": "hidingZone",
        "radiusMiles": 0.25,
        "lines": [
          "REM"
        ]
      }
    },
    {
      "type": "Feature",
      "geometry": {
        "type": "Point",
        "coordinates": [
          -73.8353279,
          45.4599523
        ]
      },
      "properties": {
        "name": "Fairview-Pointe-Claire",
        "system": "REM",
        "zone": "A",
        "featureType": "station",
        "lines": [
          "REM"
        ]
      }
    },
    {
      "type": "Feature",
      "geometry": {
        "type": "Polygon",
        "coordinates": [
          [
            [
              -73.8353279,
              45.46357059457639
            ],
            [
              -73.8348222669383,
              45.46355317149902
            ],
            [
              -73.8343215033994,
              45.46350107006068
            ],
            [
              -73.8338304320099,
              45.463414792026704
            ],
            [
              -73.83335378205575,
              45.46329516830172
            ],
            [
              -73.83289614393658,
              45.463143350927595
            ],
            [
              -73.83246192495761,
              45.46296080198862
            ],
            [
              -73.83205530688502,
              45.46274927953089
            ],
            [
              -73.83168020567311,
              45.462510820631294
            ],
            [
              -73.83134023375159,
              45.462247721779384
            ],
            [
              -73.83103866523592,
              45.461962516760934
            ],
            [
              -73.83077840439577,
              45.46165795225618
            ],
            [
              -73.83056195768529,
              45.4613369613878
            ],
            [
              -73.83039140960463,
              45.461002635473314
            ],
            [
              -73.83026840262504,
              45.46065819425405
            ],
            [
              -73.83019412137098,
              45.460306954887244
            ],
            [
              -73.83016928121151,
              45.4599523
            ],
            [
              -73.83019412137098,
              45.45959764511275
            ],
            [
              -73.83026840262504,
              45.459246405745944
            ],
            [
              -73.83039140960463,
              45.45890196452668
            ],
            [
              -73.83056195768529,
              45.458567638612195
            ],
            [
              -73.83077840439577,
              45.45824664774381
            ],
            [
              -73.83103866523592,
              45.45794208323906
            ],
            [
              -73.83134023375159,
              45.45765687822061
            ],
            [
              -73.83168020567311,
              45.4573937793687
            ],
            [
              -73.83205530688502,
              45.457155320469106
            ],
            [
              -73.83246192495761,
              45.45694379801137
            ],
            [
              -73.83289614393658,
              45.4567612490724
            ],
            [
              -73.83335378205575,
              45.456609431698276
            ],
            [
              -73.8338304320099,
              45.45648980797329
            ],
            [
              -73.8343215033994,
              45.456403529939315
            ],
            [
              -73.8348222669383,
              45.45635142850097
            ],
            [
              -73.8353279,
              45.45633400542361
            ],
            [
              -73.83583353306169,
              45.45635142850097
            ],
            [
              -73.8363342966006,
              45.456403529939315
            ],
            [
              -73.83682536799009,
              45.45648980797329
            ],
            [
              -73.83730201794424,
              45.456609431698276
            ],
            [
              -73.83775965606341,
              45.4567612490724
            ],
            [
              -73.83819387504238,
              45.45694379801137
            ],
            [
              -73.83860049311497,
              45.457155320469106
            ],
            [
              -73.83897559432688,
              45.4573937793687
            ],
            [
              -73.8393155662484,
              45.45765687822061
            ],
            [
              -73.83961713476407,
              45.45794208323906
            ],
            [
              -73.83987739560422,
              45.45824664774381
            ],
            [
              -73.8400938423147,
              45.458567638612195
            ],
            [
              -73.84026439039536,
              45.45890196452668
            ],
            [
              -73.84038739737495,
              45.459246405745944
            ],
            [
              -73.84046167862901,
              45.45959764511275
            ],
            [
              -73.84048651878848,
              45.4599523
            ],
            [
              -73.84046167862901,
              45.460306954887244
            ],
            [
              -73.84038739737495,
              45.46065819425405
            ],
            [
              -73.84026439039536,
              45.461002635473314
            ],
            [
              -73.8400938423147,
              45.4613369613878
            ],
            [
              -73.83987739560422,
              45.46165795225618
            ],
            [
              -73.83961713476407,
              45.461962516760934
            ],
            [
              -73.8393155662484,
              45.462247721779384
            ],
            [
              -73.83897559432688,
              45.462510820631294
            ],
            [
              -73.83860049311497,
              45.46274927953089
            ],
            [
              -73.83819387504238,
              45.46296080198862
            ],
            [
              -73.83775965606341,
              45.463143350927595
            ],
            [
              -73.83730201794424,
              45.46329516830172
            ],
            [
              -73.83682536799009,
              45.463414792026704
            ],
            [
              -73.8363342966006,
              45.46350107006068
            ],
            [
              -73.83583353306169,
              45.46355317149902
            ],
            [
              -73.8353279,
              45.46357059457639
            ]
          ]
        ]
      },
      "properties": {
        "name": "Fairview-Pointe-Claire",
        "system": "REM",
        "zone": "A",
        "featureType": "hidingZone",
        "radiusMiles": 0.25,
        "lines": [
          "REM"
        ]
      }
    },
    {
      "type": "Feature",
      "geometry": {
        "type": "Point",
        "coordinates": [
          -73.6618689,
          45.5218201
        ]
      },
      "properties": {
        "name": "Côte-de-Liesse",
        "system": "REM",
        "zone": "A",
        "featureType": "station",
        "lines": [
          "REM"
        ]
      }
    },
    {
      "type": "Feature",
      "geometry": {
        "type": "Polygon",
        "coordinates": [
          [
            [
              -73.6618689,
              45.52543839457639
            ],
            [
              -73.66136271121552,
              45.525420971499024
            ],
            [
              -73.66086139730572,
              45.52536887006068
            ],
            [
              -73.66036978619765,
              45.525282592026706
            ],
            [
              -73.65989261237497,
              45.52516296830172
            ],
            [
              -73.6594344712825,
              45.5250111509276
            ],
            [
              -73.65899977506935,
              45.524828601988624
            ],
            [
              -73.65859271009771,
              45.52461707953089
            ],
            [
              -73.65821719662578,
              45.524378620631296
            ],
            [
              -73.65787685105356,
              45.524115521779386
            ],
            [
              -73.65757495109499,
              45.523830316760936
            ],
            [
              -73.65731440421166,
              45.523525752256184
            ],
            [
              -73.65709771961252,
              45.5232047613878
            ],
            [
              -73.65692698408871,
              45.522870435473315
            ],
            [
              -73.65680384191666,
              45.52252599425405
            ],
            [
              -73.65672947902279,
              45.522174754887246
            ],
            [
              -73.65670461156242,
              45.5218201
            ],
            [
              -73.65672947902279,
              45.52146544511275
            ],
            [
              -73.65680384191666,
              45.521114205745945
            ],
            [
              -73.65692698408871,
              45.52076976452668
            ],
            [
              -73.65709771961252,
              45.520435438612196
            ],
            [
              -73.65731440421166,
              45.520114447743815
            ],
            [
              -73.65757495109499,
              45.51980988323906
            ],
            [
              -73.65787685105356,
              45.51952467822061
            ],
            [
              -73.65821719662578,
              45.5192615793687
            ],
            [
              -73.65859271009771,
              45.51902312046911
            ],
            [
              -73.65899977506935,
              45.518811598011375
            ],
            [
              -73.6594344712825,
              45.5186290490724
            ],
            [
              -73.65989261237497,
              45.51847723169828
            ],
            [
              -73.66036978619765,
              45.51835760797329
            ],
            [
              -73.66086139730572,
              45.51827132993932
            ],
            [
              -73.66136271121552,
              45.518219228500975
            ],
            [
              -73.6618689,
              45.51820180542361
            ],
            [
              -73.66237508878449,
              45.518219228500975
            ],
            [
              -73.66287640269428,
              45.51827132993932
            ],
            [
              -73.66336801380235,
              45.51835760797329
            ],
            [
              -73.66384518762503,
              45.51847723169828
            ],
            [
              -73.66430332871751,
              45.5186290490724
            ],
            [
              -73.66473802493066,
              45.518811598011375
            ],
            [
              -73.6651450899023,
              45.51902312046911
            ],
            [
              -73.66552060337422,
              45.5192615793687
            ],
            [
              -73.66586094894645,
              45.51952467822061
            ],
            [
              -73.66616284890502,
              45.51980988323906
            ],
            [
              -73.66642339578834,
              45.520114447743815
            ],
            [
              -73.66664008038748,
              45.520435438612196
            ],
            [
              -73.66681081591129,
              45.52076976452668
            ],
            [
              -73.66693395808335,
              45.521114205745945
            ],
            [
              -73.66700832097722,
              45.52146544511275
            ],
            [
              -73.66703318843759,
              45.5218201
            ],
            [
              -73.66700832097722,
              45.522174754887246
            ],
            [
              -73.66693395808335,
              45.52252599425405
            ],
            [
              -73.66681081591129,
              45.522870435473315
            ],
            [
              -73.66664008038748,
              45.5232047613878
            ],
            [
              -73.66642339578834,
              45.523525752256184
            ],
            [
              -73.66616284890502,
              45.523830316760936
            ],
            [
              -73.66586094894645,
              45.524115521779386
            ],
            [
              -73.66552060337422,
              45.524378620631296
            ],
            [
              -73.6651450899023,
              45.52461707953089
            ],
            [
              -73.66473802493066,
              45.524828601988624
            ],
            [
              -73.66430332871751,
              45.5250111509276
            ],
            [
              -73.66384518762503,
              45.52516296830172
            ],
            [
              -73.66336801380235,
              45.525282592026706
            ],
            [
              -73.66287640269428,
              45.52536887006068
            ],
            [
              -73.66237508878449,
              45.525420971499024
            ],
            [
              -73.6618689,
              45.52543839457639
            ]
          ]
        ]
      },
      "properties": {
        "name": "Côte-de-Liesse",
        "system": "REM",
        "zone": "A",
        "featureType": "hidingZone",
        "radiusMiles": 0.25,
        "lines": [
          "REM"
        ]
      }
    },
    {
      "type": "Feature",
      "geometry": {
        "type": "Point",
        "coordinates": [
          -73.5388987,
          45.4703304
        ]
      },
      "properties": {
        "name": "Île-des-Soeurs",
        "system": "REM",
        "zone": "A",
        "featureType": "station",
        "lines": [
          "REM"
        ]
      }
    },
    {
      "type": "Feature",
      "geometry": {
        "type": "Polygon",
        "coordinates": [
          [
            [
              -73.5388987,
              45.47394869457639
            ],
            [
              -73.53839297384415,
              45.473931271499026
            ],
            [
              -73.53789211810765,
              45.473879170060684
            ],
            [
              -73.53740095630502,
              45.47379289202671
            ],
            [
              -73.53692421859292,
              45.473673268301724
            ],
            [
              -73.53646649621614,
              45.4735214509276
            ],
            [
              -73.53603219729136,
              45.473338901988626
            ],
            [
              -73.53562550435466,
              45.473127379530894
            ],
            [
              -73.53525033408134,
              45.4728889206313
            ],
            [
              -73.53491029956622,
              45.47262582177939
            ],
            [
              -73.53460867552755,
              45.47234061676094
            ],
            [
              -73.53434836676972,
              45.472036052256186
            ],
            [
              -73.53413188020836,
              45.471715061387805
            ],
            [
              -73.53396130072741,
              45.47138073547332
            ],
            [
              -73.5338382711005,
              45.471036294254056
            ],
            [
              -73.5337639761702,
              45.47068505488725
            ],
            [
              -73.53373913143733,
              45.4703304
            ],
            [
              -73.5337639761702,
              45.469975745112755
            ],
            [
              -73.5338382711005,
              45.46962450574595
            ],
            [
              -73.53396130072741,
              45.469280064526686
            ],
            [
              -73.53413188020836,
              45.4689457386122
            ],
            [
              -73.53434836676972,
              45.46862474774382
            ],
            [
              -73.53460867552755,
              45.468320183239065
            ],
            [
              -73.53491029956622,
              45.468034978220615
            ],
            [
              -73.53525033408134,
              45.467771879368705
            ],
            [
              -73.53562550435466,
              45.46753342046911
            ],
            [
              -73.53603219729136,
              45.46732189801138
            ],
            [
              -73.53646649621614,
              45.467139349072404
            ],
            [
              -73.53692421859292,
              45.46698753169828
            ],
            [
              -73.53740095630502,
              45.466867907973295
            ],
            [
              -73.53789211810765,
              45.46678162993932
            ],
            [
              -73.53839297384415,
              45.46672952850098
            ],
            [
              -73.5388987,
              45.46671210542361
            ],
            [
              -73.53940442615585,
              45.46672952850098
            ],
            [
              -73.53990528189236,
              45.46678162993932
            ],
            [
              -73.54039644369499,
              45.466867907973295
            ],
            [
              -73.5408731814071,
              45.46698753169828
            ],
            [
              -73.54133090378387,
              45.467139349072404
            ],
            [
              -73.54176520270865,
              45.46732189801138
            ],
            [
              -73.54217189564535,
              45.46753342046911
            ],
            [
              -73.54254706591867,
              45.467771879368705
            ],
            [
              -73.54288710043379,
              45.468034978220615
            ],
            [
              -73.54318872447246,
              45.468320183239065
            ],
            [
              -73.54344903323029,
              45.46862474774382
            ],
            [
              -73.54366551979165,
              45.4689457386122
            ],
            [
              -73.5438360992726,
              45.469280064526686
            ],
            [
              -73.5439591288995,
              45.46962450574595
            ],
            [
              -73.5440334238298,
              45.469975745112755
            ],
            [
              -73.54405826856268,
              45.4703304
            ],
            [
              -73.5440334238298,
              45.47068505488725
            ],
            [
              -73.5439591288995,
              45.471036294254056
            ],
            [
              -73.5438360992726,
              45.47138073547332
            ],
            [
              -73.54366551979165,
              45.471715061387805
            ],
            [
              -73.54344903323029,
              45.472036052256186
            ],
            [
              -73.54318872447246,
              45.47234061676094
            ],
            [
              -73.54288710043379,
              45.47262582177939
            ],
            [
              -73.54254706591867,
              45.4728889206313
            ],
            [
              -73.54217189564535,
              45.473127379530894
            ],
            [
              -73.54176520270865,
              45.473338901988626
            ],
            [
              -73.54133090378387,
              45.4735214509276
            ],
            [
              -73.5408731814071,
              45.473673268301724
            ],
            [
              -73.54039644369499,
              45.47379289202671
            ],
            [
              -73.53990528189236,
              45.473879170060684
            ],
            [
              -73.53940442615585,
              45.473931271499026
            ],
            [
              -73.5388987,
              45.47394869457639
            ]
          ]
        ]
      },
      "properties": {
        "name": "Île-des-Soeurs",
        "system": "REM",
        "zone": "A",
        "featureType": "hidingZone",
        "radiusMiles": 0.25,
        "lines": [
          "REM"
        ]
      }
    },
    {
      "type": "Feature",
      "geometry": {
        "type": "Point",
        "coordinates": [
          -73.7215179,
          45.5583531
        ]
      },
      "properties": {
        "name": "Montmorency",
        "system": "Metro",
        "zone": "B",
        "featureType": "station",
        "lines": [
          "Orange"
        ]
      }
    },
    {
      "type": "Feature",
      "geometry": {
        "type": "Polygon",
        "coordinates": [
          [
            [
              -73.7215179,
              45.56197139457639
            ],
            [
              -73.72101138220906,
              45.56195397149902
            ],
            [
              -73.72050974246133,
              45.56190187006068
            ],
            [
              -73.72001781182183,
              45.561815592026704
            ],
            [
              -73.7195403278515,
              45.56169596830172
            ],
            [
              -73.71908188898203,
              45.561544150927595
            ],
            [
              -73.71864691023032,
              45.56136160198862
            ],
            [
              -73.71823958067952,
              45.56115007953089
            ],
            [
              -73.7178638231359,
              45.560911620631295
            ],
            [
              -73.71752325634999,
              45.560648521779385
            ],
            [
              -73.71722116016613,
              45.560363316760935
            ],
            [
              -73.71696044393572,
              45.56005875225618
            ],
            [
              -73.71674361849855,
              45.5597377613878
            ],
            [
              -73.71657277200214,
              45.559403435473314
            ],
            [
              -73.71644954979162,
              45.55905899425405
            ],
            [
              -73.71637513856425,
              45.558707754887244
            ],
            [
              -73.71635025494083,
              45.5583531
            ],
            [
              -73.71637513856425,
              45.55799844511275
            ],
            [
              -73.71644954979162,
              45.557647205745944
            ],
            [
              -73.71657277200214,
              45.55730276452668
            ],
            [
              -73.71674361849855,
              45.556968438612195
            ],
            [
              -73.71696044393572,
              45.55664744774381
            ],
            [
              -73.71722116016613,
              45.55634288323906
            ],
            [
              -73.71752325634999,
              45.55605767822061
            ],
            [
              -73.7178638231359,
              45.5557945793687
            ],
            [
              -73.71823958067952,
              45.555556120469106
            ],
            [
              -73.71864691023032,
              45.555344598011374
            ],
            [
              -73.71908188898203,
              45.5551620490724
            ],
            [
              -73.7195403278515,
              45.555010231698276
            ],
            [
              -73.72001781182183,
              45.55489060797329
            ],
            [
              -73.72050974246133,
              45.554804329939316
            ],
            [
              -73.72101138220906,
              45.55475222850097
            ],
            [
              -73.7215179,
              45.55473480542361
            ],
            [
              -73.72202441779093,
              45.55475222850097
            ],
            [
              -73.72252605753866,
              45.554804329939316
            ],
            [
              -73.72301798817816,
              45.55489060797329
            ],
            [
              -73.72349547214849,
              45.555010231698276
            ],
            [
              -73.72395391101796,
              45.5551620490724
            ],
            [
              -73.72438888976967,
              45.555344598011374
            ],
            [
              -73.72479621932047,
              45.555556120469106
            ],
            [
              -73.72517197686409,
              45.5557945793687
            ],
            [
              -73.72551254365,
              45.55605767822061
            ],
            [
              -73.72581463983386,
              45.55634288323906
            ],
            [
              -73.72607535606427,
              45.55664744774381
            ],
            [
              -73.72629218150144,
              45.556968438612195
            ],
            [
              -73.72646302799785,
              45.55730276452668
            ],
            [
              -73.72658625020837,
              45.557647205745944
            ],
            [
              -73.72666066143574,
              45.55799844511275
            ],
            [
              -73.72668554505915,
              45.5583531
            ],
            [
              -73.72666066143574,
              45.558707754887244
            ],
            [
              -73.72658625020837,
              45.55905899425405
            ],
            [
              -73.72646302799785,
              45.559403435473314
            ],
            [
              -73.72629218150144,
              45.5597377613878
            ],
            [
              -73.72607535606427,
              45.56005875225618
            ],
            [
              -73.72581463983386,
              45.560363316760935
            ],
            [
              -73.72551254365,
              45.560648521779385
            ],
            [
              -73.72517197686409,
              45.560911620631295
            ],
            [
              -73.72479621932047,
              45.56115007953089
            ],
            [
              -73.72438888976967,
              45.56136160198862
            ],
            [
              -73.72395391101796,
              45.561544150927595
            ],
            [
              -73.72349547214849,
              45.56169596830172
            ],
            [
              -73.72301798817816,
              45.561815592026704
            ],
            [
              -73.72252605753866,
              45.56190187006068
            ],
            [
              -73.72202441779093,
              45.56195397149902
            ],
            [
              -73.7215179,
              45.56197139457639
            ]
          ]
        ]
      },
      "properties": {
        "name": "Montmorency",
        "system": "Metro",
        "zone": "B",
        "featureType": "hidingZone",
        "radiusMiles": 0.25,
        "lines": [
          "Orange"
        ]
      }
    },
    {
      "type": "Feature",
      "geometry": {
        "type": "Point",
        "coordinates": [
          -73.6817986,
          45.56023
        ]
      },
      "properties": {
        "name": "Cartier",
        "system": "Metro",
        "zone": "B",
        "featureType": "station",
        "lines": [
          "Orange"
        ]
      }
    },
    {
      "type": "Feature",
      "geometry": {
        "type": "Polygon",
        "coordinates": [
          [
            [
              -73.6817986,
              45.56384829457639
            ],
            [
              -73.68129206528909,
              45.56383087149902
            ],
            [
              -73.68079040878433,
              45.56377877006068
            ],
            [
              -73.68029846171213,
              45.5636924920267
            ],
            [
              -73.67982096179169,
              45.56357286830172
            ],
            [
              -73.67936250760829,
              45.563421050927595
            ],
            [
              -73.67892751432633,
              45.56323850198862
            ],
            [
              -73.6785201711689,
              45.56302697953089
            ],
            [
              -73.67814440107327,
              45.562788520631294
            ],
            [
              -73.6778038229109,
              45.562525421779384
            ],
            [
              -73.67750171663567,
              45.562240216760934
            ],
            [
              -73.67724099169617,
              45.56193565225618
            ],
            [
              -73.67702415901606,
              45.5616146613878
            ],
            [
              -73.67685330681259,
              45.56128033547331
            ],
            [
              -73.6767300804859,
              45.56093589425405
            ],
            [
              -73.67665566677286,
              45.56058465488724
            ],
            [
              -73.67663078231821,
              45.56023
            ],
            [
              -73.67665566677286,
              45.55987534511275
            ],
            [
              -73.6767300804859,
              45.55952410574594
            ],
            [
              -73.67685330681259,
              45.55917966452668
            ],
            [
              -73.67702415901606,
              45.558845338612194
            ],
            [
              -73.67724099169617,
              45.55852434774381
            ],
            [
              -73.67750171663567,
              45.55821978323906
            ],
            [
              -73.6778038229109,
              45.55793457822061
            ],
            [
              -73.67814440107327,
              45.5576714793687
            ],
            [
              -73.6785201711689,
              45.557433020469105
            ],
            [
              -73.67892751432633,
              45.55722149801137
            ],
            [
              -73.67936250760829,
              45.5570389490724
            ],
            [
              -73.67982096179169,
              45.556887131698275
            ],
            [
              -73.68029846171213,
              45.55676750797329
            ],
            [
              -73.68079040878433,
              45.556681229939315
            ],
            [
              -73.68129206528909,
              45.55662912850097
            ],
            [
              -73.6817986,
              45.556611705423606
            ],
            [
              -73.6823051347109,
              45.55662912850097
            ],
            [
              -73.68280679121565,
              45.556681229939315
            ],
            [
              -73.68329873828786,
              45.55676750797329
            ],
            [
              -73.6837762382083,
              45.556887131698275
            ],
            [
              -73.6842346923917,
              45.5570389490724
            ],
            [
              -73.68466968567365,
              45.55722149801137
            ],
            [
              -73.68507702883109,
              45.557433020469105
            ],
            [
              -73.68545279892672,
              45.5576714793687
            ],
            [
              -73.68579337708908,
              45.55793457822061
            ],
            [
              -73.68609548336431,
              45.55821978323906
            ],
            [
              -73.68635620830382,
              45.55852434774381
            ],
            [
              -73.68657304098393,
              45.558845338612194
            ],
            [
              -73.6867438931874,
              45.55917966452668
            ],
            [
              -73.68686711951409,
              45.55952410574594
            ],
            [
              -73.68694153322713,
              45.55987534511275
            ],
            [
              -73.68696641768177,
              45.56023
            ],
            [
              -73.68694153322713,
              45.56058465488724
            ],
            [
              -73.68686711951409,
              45.56093589425405
            ],
            [
              -73.6867438931874,
              45.56128033547331
            ],
            [
              -73.68657304098393,
              45.5616146613878
            ],
            [
              -73.68635620830382,
              45.56193565225618
            ],
            [
              -73.68609548336431,
              45.562240216760934
            ],
            [
              -73.68579337708908,
              45.562525421779384
            ],
            [
              -73.68545279892672,
              45.562788520631294
            ],
            [
              -73.68507702883109,
              45.56302697953089
            ],
            [
              -73.68466968567365,
              45.56323850198862
            ],
            [
              -73.6842346923917,
              45.563421050927595
            ],
            [
              -73.6837762382083,
              45.56357286830172
            ],
            [
              -73.68329873828786,
              45.5636924920267
            ],
            [
              -73.68280679121565,
              45.56377877006068
            ],
            [
              -73.6823051347109,
              45.56383087149902
            ],
            [
              -73.6817986,
              45.56384829457639
            ]
          ]
        ]
      },
      "properties": {
        "name": "Cartier",
        "system": "Metro",
        "zone": "B",
        "featureType": "hidingZone",
        "radiusMiles": 0.25,
        "lines": [
          "Orange"
        ]
      }
    },
    {
      "type": "Feature",
      "geometry": {
        "type": "Point",
        "coordinates": [
          -73.4333122,
          45.4466901
        ]
      },
      "properties": {
        "name": "Du Quartier",
        "system": "REM",
        "zone": "B",
        "featureType": "station",
        "lines": [
          "REM"
        ]
      }
    },
    {
      "type": "Feature",
      "geometry": {
        "type": "Polygon",
        "coordinates": [
          [
            [
              -73.4333122,
              45.45030839457639
            ],
            [
              -73.43280668582955,
              45.45029097149902
            ],
            [
              -73.43230604003689,
              45.45023887006068
            ],
            [
              -73.4318150841147,
              45.450152592026704
            ],
            [
              -73.4313385462369,
              45.45003296830172
            ],
            [
              -73.43088101572376,
              45.449881150927595
            ],
            [
              -73.4304468988442,
              45.44969860198862
            ],
            [
              -73.4300403763811,
              45.44948707953089
            ],
            [
              -73.42966536336803,
              45.449248620631295
            ],
            [
              -73.42932547138527,
              45.448985521779385
            ],
            [
              -73.42902397377846,
              45.448700316760934
            ],
            [
              -73.42876377413432,
              45.44839575225618
            ],
            [
              -73.4285473783177,
              45.4480747613878
            ],
            [
              -73.42837687033861,
              45.447740435473314
            ],
            [
              -73.42825389228207,
              45.44739599425405
            ],
            [
              -73.42817962849401,
              45.447044754887244
            ],
            [
              -73.4281547941753,
              45.4466901
            ],
            [
              -73.42817962849401,
              45.44633544511275
            ],
            [
              -73.42825389228207,
              45.445984205745944
            ],
            [
              -73.42837687033861,
              45.44563976452668
            ],
            [
              -73.4285473783177,
              45.445305438612195
            ],
            [
              -73.42876377413432,
              45.44498444774381
            ],
            [
              -73.42902397377846,
              45.44467988323906
            ],
            [
              -73.42932547138527,
              45.44439467822061
            ],
            [
              -73.42966536336803,
              45.4441315793687
            ],
            [
              -73.4300403763811,
              45.443893120469106
            ],
            [
              -73.4304468988442,
              45.44368159801137
            ],
            [
              -73.43088101572376,
              45.4434990490724
            ],
            [
              -73.4313385462369,
              45.443347231698276
            ],
            [
              -73.4318150841147,
              45.44322760797329
            ],
            [
              -73.43230604003689,
              45.443141329939316
            ],
            [
              -73.43280668582955,
              45.44308922850097
            ],
            [
              -73.4333122,
              45.44307180542361
            ],
            [
              -73.43381771417046,
              45.44308922850097
            ],
            [
              -73.43431835996311,
              45.443141329939316
            ],
            [
              -73.4348093158853,
              45.44322760797329
            ],
            [
              -73.4352858537631,
              45.443347231698276
            ],
            [
              -73.43574338427625,
              45.4434990490724
            ],
            [
              -73.43617750115581,
              45.44368159801137
            ],
            [
              -73.4365840236189,
              45.443893120469106
            ],
            [
              -73.43695903663198,
              45.4441315793687
            ],
            [
              -73.43729892861474,
              45.44439467822061
            ],
            [
              -73.43760042622155,
              45.44467988323906
            ],
            [
              -73.43786062586568,
              45.44498444774381
            ],
            [
              -73.4380770216823,
              45.445305438612195
            ],
            [
              -73.4382475296614,
              45.44563976452668
            ],
            [
              -73.43837050771793,
              45.445984205745944
            ],
            [
              -73.438444771506,
              45.44633544511275
            ],
            [
              -73.43846960582471,
              45.4466901
            ],
            [
              -73.438444771506,
              45.447044754887244
            ],
            [
              -73.43837050771793,
              45.44739599425405
            ],
            [
              -73.4382475296614,
              45.447740435473314
            ],
            [
              -73.4380770216823,
              45.4480747613878
            ],
            [
              -73.43786062586568,
              45.44839575225618
            ],
            [
              -73.43760042622155,
              45.448700316760934
            ],
            [
              -73.43729892861474,
              45.448985521779385
            ],
            [
              -73.43695903663198,
              45.449248620631295
            ],
            [
              -73.4365840236189,
              45.44948707953089
            ],
            [
              -73.43617750115581,
              45.44969860198862
            ],
            [
              -73.43574338427625,
              45.449881150927595
            ],
            [
              -73.4352858537631,
              45.45003296830172
            ],
            [
              -73.4348093158853,
              45.450152592026704
            ],
            [
              -73.43431835996311,
              45.45023887006068
            ],
            [
              -73.43381771417046,
              45.45029097149902
            ],
            [
              -73.4333122,
              45.45030839457639
            ]
          ]
        ]
      },
      "properties": {
        "name": "Du Quartier",
        "system": "REM",
        "zone": "B",
        "featureType": "hidingZone",
        "radiusMiles": 0.25,
        "lines": [
          "REM"
        ]
      }
    },
    {
      "type": "Feature",
      "geometry": {
        "type": "Point",
        "coordinates": [
          -73.4305816,
          45.4380608
        ]
      },
      "properties": {
        "name": "Brossard",
        "system": "REM",
        "zone": "B",
        "featureType": "station",
        "lines": [
          "REM"
        ]
      }
    },
    {
      "type": "Feature",
      "geometry": {
        "type": "Polygon",
        "coordinates": [
          [
            [
              -73.4305816,
              45.44167909457639
            ],
            [
              -73.43007616314381,
              45.44166167149903
            ],
            [
              -73.42957559392083,
              45.441609570060685
            ],
            [
              -73.42908471308635,
              45.44152329202671
            ],
            [
              -73.42860824809112,
              45.441403668301724
            ],
            [
              -73.42815078755352,
              45.4412518509276
            ],
            [
              -73.4277167370686,
              45.44106930198863
            ],
            [
              -73.42731027677979,
              45.440857779530894
            ],
            [
              -73.42693532112189,
              45.4406193206313
            ],
            [
              -73.42659548112285,
              45.44035622177939
            ],
            [
              -73.42629402962761,
              45.44007101676094
            ],
            [
              -73.4260338697789,
              45.43976645225619
            ],
            [
              -73.42581750705826,
              45.439445461387805
            ],
            [
              -73.42564702515696,
              45.43911113547332
            ],
            [
              -73.42552406590892,
              45.438766694254056
            ],
            [
              -73.42544981347889,
              45.43841545488725
            ],
            [
              -73.42542498295839,
              45.4380608
            ],
            [
              -73.42544981347889,
              45.437706145112756
            ],
            [
              -73.42552406590892,
              45.43735490574595
            ],
            [
              -73.42564702515696,
              45.437010464526686
            ],
            [
              -73.42581750705826,
              45.4366761386122
            ],
            [
              -73.4260338697789,
              45.43635514774382
            ],
            [
              -73.42629402962761,
              45.436050583239066
            ],
            [
              -73.42659548112285,
              45.435765378220616
            ],
            [
              -73.42693532112189,
              45.435502279368706
            ],
            [
              -73.42731027677979,
              45.43526382046911
            ],
            [
              -73.4277167370686,
              45.43505229801138
            ],
            [
              -73.42815078755352,
              45.434869749072405
            ],
            [
              -73.42860824809112,
              45.43471793169828
            ],
            [
              -73.42908471308635,
              45.434598307973296
            ],
            [
              -73.42957559392083,
              45.43451202993932
            ],
            [
              -73.43007616314381,
              45.43445992850098
            ],
            [
              -73.4305816,
              45.43444250542361
            ],
            [
              -73.43108703685618,
              45.43445992850098
            ],
            [
              -73.43158760607916,
              45.43451202993932
            ],
            [
              -73.43207848691364,
              45.434598307973296
            ],
            [
              -73.43255495190887,
              45.43471793169828
            ],
            [
              -73.43301241244647,
              45.434869749072405
            ],
            [
              -73.4334464629314,
              45.43505229801138
            ],
            [
              -73.4338529232202,
              45.43526382046911
            ],
            [
              -73.4342278788781,
              45.435502279368706
            ],
            [
              -73.43456771887715,
              45.435765378220616
            ],
            [
              -73.43486917037238,
              45.436050583239066
            ],
            [
              -73.43512933022109,
              45.43635514774382
            ],
            [
              -73.43534569294174,
              45.4366761386122
            ],
            [
              -73.43551617484303,
              45.437010464526686
            ],
            [
              -73.43563913409108,
              45.43735490574595
            ],
            [
              -73.4357133865211,
              45.437706145112756
            ],
            [
              -73.4357382170416,
              45.4380608
            ],
            [
              -73.4357133865211,
              45.43841545488725
            ],
            [
              -73.43563913409108,
              45.438766694254056
            ],
            [
              -73.43551617484303,
              45.43911113547332
            ],
            [
              -73.43534569294174,
              45.439445461387805
            ],
            [
              -73.43512933022109,
              45.43976645225619
            ],
            [
              -73.43486917037238,
              45.44007101676094
            ],
            [
              -73.43456771887715,
              45.44035622177939
            ],
            [
              -73.4342278788781,
              45.4406193206313
            ],
            [
              -73.4338529232202,
              45.440857779530894
            ],
            [
              -73.4334464629314,
              45.44106930198863
            ],
            [
              -73.43301241244647,
              45.4412518509276
            ],
            [
              -73.43255495190887,
              45.441403668301724
            ],
            [
              -73.43207848691364,
              45.44152329202671
            ],
            [
              -73.43158760607916,
              45.441609570060685
            ],
            [
              -73.43108703685618,
              45.44166167149903
            ],
            [
              -73.4305816,
              45.44167909457639
            ]
          ]
        ]
      },
      "properties": {
        "name": "Brossard",
        "system": "REM",
        "zone": "B",
        "featureType": "hidingZone",
        "radiusMiles": 0.25,
        "lines": [
          "REM"
        ]
      }
    },
    {
      "type": "Feature",
      "geometry": {
        "type": "Point",
        "coordinates": [
          -73.4703605,
          45.4649595
        ]
      },
      "properties": {
        "name": "Panama",
        "system": "REM",
        "zone": "B",
        "featureType": "station",
        "lines": [
          "REM"
        ]
      }
    },
    {
      "type": "Feature",
      "geometry": {
        "type": "Polygon",
        "coordinates": [
          [
            [
              -73.4703605,
              45.46857779457639
            ],
            [
              -73.46985482202882,
              45.468560371499024
            ],
            [
              -73.46935401401292,
              45.46850827006068
            ],
            [
              -73.46886289900729,
              45.468421992026705
            ],
            [
              -73.4683862067179,
              45.46830236830172
            ],
            [
              -73.46792852795207,
              45.4681505509276
            ],
            [
              -73.4674942704065,
              45.46796800198862
            ],
            [
              -73.46708761621876,
              45.46775647953089
            ],
            [
              -73.46671248169099,
              45.467518020631296
            ],
            [
              -73.46637247957372,
              45.467254921779386
            ],
            [
              -73.46607088427325,
              45.466969716760936
            ],
            [
              -73.46581060031717,
              45.46666515225618
            ],
            [
              -73.46559413438224,
              45.4663441613878
            ],
            [
              -73.46542357115379,
              45.466009835473315
            ],
            [
              -73.46530055324894,
              45.46566539425405
            ],
            [
              -73.46522626539733,
              45.465314154887245
            ],
            [
              -73.4652014230316,
              45.4649595
            ],
            [
              -73.46522626539733,
              45.46460484511275
            ],
            [
              -73.46530055324894,
              45.464253605745945
            ],
            [
              -73.46542357115379,
              45.46390916452668
            ],
            [
              -73.46559413438224,
              45.463574838612196
            ],
            [
              -73.46581060031717,
              45.463253847743815
            ],
            [
              -73.46607088427325,
              45.46294928323906
            ],
            [
              -73.46637247957372,
              45.46266407822061
            ],
            [
              -73.46671248169099,
              45.4624009793687
            ],
            [
              -73.46708761621876,
              45.46216252046911
            ],
            [
              -73.4674942704065,
              45.461950998011375
            ],
            [
              -73.46792852795207,
              45.4617684490724
            ],
            [
              -73.4683862067179,
              45.46161663169828
            ],
            [
              -73.46886289900729,
              45.46149700797329
            ],
            [
              -73.46935401401292,
              45.46141072993932
            ],
            [
              -73.46985482202882,
              45.461358628500975
            ],
            [
              -73.4703605,
              45.46134120542361
            ],
            [
              -73.47086617797117,
              45.461358628500975
            ],
            [
              -73.47136698598707,
              45.46141072993932
            ],
            [
              -73.4718581009927,
              45.46149700797329
            ],
            [
              -73.4723347932821,
              45.46161663169828
            ],
            [
              -73.47279247204793,
              45.4617684490724
            ],
            [
              -73.47322672959349,
              45.461950998011375
            ],
            [
              -73.47363338378123,
              45.46216252046911
            ],
            [
              -73.474008518309,
              45.4624009793687
            ],
            [
              -73.47434852042628,
              45.46266407822061
            ],
            [
              -73.47465011572675,
              45.46294928323906
            ],
            [
              -73.47491039968283,
              45.463253847743815
            ],
            [
              -73.47512686561775,
              45.463574838612196
            ],
            [
              -73.4752974288462,
              45.46390916452668
            ],
            [
              -73.47542044675106,
              45.464253605745945
            ],
            [
              -73.47549473460266,
              45.46460484511275
            ],
            [
              -73.4755195769684,
              45.4649595
            ],
            [
              -73.47549473460266,
              45.465314154887245
            ],
            [
              -73.47542044675106,
              45.46566539425405
            ],
            [
              -73.4752974288462,
              45.466009835473315
            ],
            [
              -73.47512686561775,
              45.4663441613878
            ],
            [
              -73.47491039968283,
              45.46666515225618
            ],
            [
              -73.47465011572675,
              45.466969716760936
            ],
            [
              -73.47434852042628,
              45.467254921779386
            ],
            [
              -73.474008518309,
              45.467518020631296
            ],
            [
              -73.47363338378123,
              45.46775647953089
            ],
            [
              -73.47322672959349,
              45.46796800198862
            ],
            [
              -73.47279247204793,
              45.4681505509276
            ],
            [
              -73.4723347932821,
              45.46830236830172
            ],
            [
              -73.4718581009927,
              45.468421992026705
            ],
            [
              -73.47136698598707,
              45.46850827006068
            ],
            [
              -73.47086617797117,
              45.468560371499024
            ],
            [
              -73.4703605,
              45.46857779457639
            ]
          ]
        ]
      },
      "properties": {
        "name": "Panama",
        "system": "REM",
        "zone": "B",
        "featureType": "hidingZone",
        "radiusMiles": 0.25,
        "lines": [
          "REM"
        ]
      }
    },
    {
      "type": "Feature",
      "geometry": {
        "type": "Point",
        "coordinates": [
          -73.572129,
          45.5024871
        ]
      },
      "properties": {
        "name": "McGill",
        "system": "REM",
        "zone": "A",
        "featureType": "station",
        "lines": [
          "REM"
        ]
      }
    },
    {
      "type": "Feature",
      "geometry": {
        "type": "Polygon",
        "coordinates": [
          [
            [
              -73.572129,
              45.506105394576394
            ],
            [
              -73.57162298506726,
              45.50608797149903
            ],
            [
              -73.57112184333495,
              45.506035870060686
            ],
            [
              -73.5706304010719,
              45.50594959202671
            ],
            [
              -73.57015339113572,
              45.505829968301725
            ],
            [
              -73.5696954073929,
              45.5056781509276
            ],
            [
              -73.56926086047721,
              45.50549560198863
            ],
            [
              -73.56885393531302,
              45.505284079530895
            ],
            [
              -73.56847855081209,
              45.5050456206313
            ],
            [
              -73.56813832213238,
              45.50478252177939
            ],
            [
              -73.56783652586206,
              45.50449731676094
            ],
            [
              -73.5675760684642,
              45.50419275225619
            ],
            [
              -73.56735945828592,
              45.503871761387806
            ],
            [
              -73.56718878140164,
              45.50353743547332
            ],
            [
              -73.56706568152305,
              45.50319299425406
            ],
            [
              -73.5669913441693,
              45.50284175488725
            ],
            [
              -73.56696648524971,
              45.5024871
            ],
            [
              -73.5669913441693,
              45.50213244511276
            ],
            [
              -73.56706568152305,
              45.50178120574595
            ],
            [
              -73.56718878140164,
              45.50143676452669
            ],
            [
              -73.56735945828592,
              45.5011024386122
            ],
            [
              -73.5675760684642,
              45.50078144774382
            ],
            [
              -73.56783652586206,
              45.50047688323907
            ],
            [
              -73.56813832213238,
              45.50019167822062
            ],
            [
              -73.56847855081209,
              45.49992857936871
            ],
            [
              -73.56885393531302,
              45.49969012046911
            ],
            [
              -73.56926086047721,
              45.49947859801138
            ],
            [
              -73.5696954073929,
              45.499296049072406
            ],
            [
              -73.57015339113572,
              45.49914423169828
            ],
            [
              -73.5706304010719,
              45.4990246079733
            ],
            [
              -73.57112184333495,
              45.49893832993932
            ],
            [
              -73.57162298506726,
              45.49888622850098
            ],
            [
              -73.572129,
              45.49886880542361
            ],
            [
              -73.57263501493274,
              45.49888622850098
            ],
            [
              -73.57313615666506,
              45.49893832993932
            ],
            [
              -73.57362759892811,
              45.4990246079733
            ],
            [
              -73.57410460886429,
              45.49914423169828
            ],
            [
              -73.57456259260711,
              45.499296049072406
            ],
            [
              -73.5749971395228,
              45.49947859801138
            ],
            [
              -73.57540406468699,
              45.49969012046911
            ],
            [
              -73.57577944918792,
              45.49992857936871
            ],
            [
              -73.57611967786762,
              45.50019167822062
            ],
            [
              -73.57642147413794,
              45.50047688323907
            ],
            [
              -73.5766819315358,
              45.50078144774382
            ],
            [
              -73.57689854171409,
              45.5011024386122
            ],
            [
              -73.57706921859837,
              45.50143676452669
            ],
            [
              -73.57719231847696,
              45.50178120574595
            ],
            [
              -73.57726665583071,
              45.50213244511276
            ],
            [
              -73.5772915147503,
              45.5024871
            ],
            [
              -73.57726665583071,
              45.50284175488725
            ],
            [
              -73.57719231847696,
              45.50319299425406
            ],
            [
              -73.57706921859837,
              45.50353743547332
            ],
            [
              -73.57689854171409,
              45.503871761387806
            ],
            [
              -73.5766819315358,
              45.50419275225619
            ],
            [
              -73.57642147413794,
              45.50449731676094
            ],
            [
              -73.57611967786762,
              45.50478252177939
            ],
            [
              -73.57577944918792,
              45.5050456206313
            ],
            [
              -73.57540406468699,
              45.505284079530895
            ],
            [
              -73.5749971395228,
              45.50549560198863
            ],
            [
              -73.57456259260711,
              45.5056781509276
            ],
            [
              -73.57410460886429,
              45.505829968301725
            ],
            [
              -73.57362759892811,
              45.50594959202671
            ],
            [
              -73.57313615666506,
              45.506035870060686
            ],
            [
              -73.57263501493274,
              45.50608797149903
            ],
            [
              -73.572129,
              45.506105394576394
            ]
          ]
        ]
      },
      "properties": {
        "name": "McGill",
        "system": "REM",
        "zone": "A",
        "featureType": "hidingZone",
        "radiusMiles": 0.25,
        "lines": [
          "REM"
        ]
      }
    },
    {
      "type": "Feature",
      "geometry": {
        "type": "Point",
        "coordinates": [
          -73.5666874,
          45.4999265
        ]
      },
      "properties": {
        "name": "Gare Centrale",
        "system": "REM",
        "zone": "A",
        "featureType": "station",
        "lines": [
          "REM"
        ]
      }
    },
    {
      "type": "Feature",
      "geometry": {
        "type": "Polygon",
        "coordinates": [
          [
            [
              -73.5666874,
              45.50354479457639
            ],
            [
              -73.56618140808015,
              45.503527371499025
            ],
            [
              -73.56568028913911,
              45.50347527006068
            ],
            [
              -73.56518886922619,
              45.50338899202671
            ],
            [
              -73.5647118809838,
              45.50326936830172
            ],
            [
              -73.56425391806947,
              45.5031175509276
            ],
            [
              -73.5638193909164,
              45.502935001988625
            ],
            [
              -73.56341248425862,
              45.50272347953089
            ],
            [
              -73.56303711682968,
              45.5024850206313
            ],
            [
              -73.56269690362312,
              45.50222192177939
            ],
            [
              -73.5623951210781,
              45.50193671676094
            ],
            [
              -73.5621346755255,
              45.501632152256185
            ],
            [
              -73.56191807519835,
              45.501311161387804
            ],
            [
              -73.56174740607622,
              45.50097683547332
            ],
            [
              -73.56162431179605,
              45.500632394254055
            ],
            [
              -73.56154997782306,
              45.50028115488725
            ],
            [
              -73.56152512003403,
              45.4999265
            ],
            [
              -73.56154997782306,
              45.499571845112754
            ],
            [
              -73.56162431179605,
              45.49922060574595
            ],
            [
              -73.56174740607622,
              45.498876164526685
            ],
            [
              -73.56191807519835,
              45.4985418386122
            ],
            [
              -73.5621346755255,
              45.498220847743816
            ],
            [
              -73.5623951210781,
              45.497916283239064
            ],
            [
              -73.56269690362312,
              45.497631078220614
            ],
            [
              -73.56303711682968,
              45.497367979368704
            ],
            [
              -73.56341248425862,
              45.49712952046911
            ],
            [
              -73.5638193909164,
              45.49691799801138
            ],
            [
              -73.56425391806947,
              45.4967354490724
            ],
            [
              -73.5647118809838,
              45.49658363169828
            ],
            [
              -73.56518886922619,
              45.496464007973294
            ],
            [
              -73.56568028913911,
              45.49637772993932
            ],
            [
              -73.56618140808015,
              45.496325628500976
            ],
            [
              -73.5666874,
              45.49630820542361
            ],
            [
              -73.56719339191986,
              45.496325628500976
            ],
            [
              -73.5676945108609,
              45.49637772993932
            ],
            [
              -73.56818593077382,
              45.496464007973294
            ],
            [
              -73.56866291901622,
              45.49658363169828
            ],
            [
              -73.56912088193054,
              45.4967354490724
            ],
            [
              -73.56955540908362,
              45.49691799801138
            ],
            [
              -73.56996231574139,
              45.49712952046911
            ],
            [
              -73.57033768317034,
              45.497367979368704
            ],
            [
              -73.57067789637689,
              45.497631078220614
            ],
            [
              -73.57097967892192,
              45.497916283239064
            ],
            [
              -73.57124012447451,
              45.498220847743816
            ],
            [
              -73.57145672480166,
              45.4985418386122
            ],
            [
              -73.57162739392379,
              45.498876164526685
            ],
            [
              -73.57175048820396,
              45.49922060574595
            ],
            [
              -73.57182482217695,
              45.499571845112754
            ],
            [
              -73.57184967996598,
              45.4999265
            ],
            [
              -73.57182482217695,
              45.50028115488725
            ],
            [
              -73.57175048820396,
              45.500632394254055
            ],
            [
              -73.57162739392379,
              45.50097683547332
            ],
            [
              -73.57145672480166,
              45.501311161387804
            ],
            [
              -73.57124012447451,
              45.501632152256185
            ],
            [
              -73.57097967892192,
              45.50193671676094
            ],
            [
              -73.57067789637689,
              45.50222192177939
            ],
            [
              -73.57033768317034,
              45.5024850206313
            ],
            [
              -73.56996231574139,
              45.50272347953089
            ],
            [
              -73.56955540908362,
              45.502935001988625
            ],
            [
              -73.56912088193054,
              45.5031175509276
            ],
            [
              -73.56866291901622,
              45.50326936830172
            ],
            [
              -73.56818593077382,
              45.50338899202671
            ],
            [
              -73.5676945108609,
              45.50347527006068
            ],
            [
              -73.56719339191986,
              45.503527371499025
            ],
            [
              -73.5666874,
              45.50354479457639
            ]
          ]
        ]
      },
      "properties": {
        "name": "Gare Centrale",
        "system": "REM",
        "zone": "A",
        "featureType": "hidingZone",
        "radiusMiles": 0.25,
        "lines": [
          "REM"
        ]
      }
    },
    {
      "type": "Feature",
      "geometry": {
        "type": "Point",
        "coordinates": [
          -73.6722229,
          45.5248032
        ]
      },
      "properties": {
        "name": "Montpellier",
        "system": "REM",
        "zone": "A",
        "featureType": "station",
        "lines": [
          "REM"
        ]
      }
    },
    {
      "type": "Feature",
      "geometry": {
        "type": "Polygon",
        "coordinates": [
          [
            [
              -73.6722229,
              45.52842149457639
            ],
            [
              -73.67171668437425,
              45.528404071499025
            ],
            [
              -73.6712153438817,
              45.52835197006068
            ],
            [
              -73.67072370670535,
              45.52826569202671
            ],
            [
              -73.67024650757998,
              45.52814606830172
            ],
            [
              -73.66978834219401,
              45.5279942509276
            ],
            [
              -73.66935362293059,
              45.527811701988625
            ],
            [
              -73.66894653637384,
              45.52760017953089
            ],
            [
              -73.66857100298986,
              45.5273617206313
            ],
            [
              -73.66823063937042,
              45.52709862177939
            ],
            [
              -73.66792872340324,
              45.52681341676094
            ],
            [
              -73.6676681627041,
              45.526508852256185
            ],
            [
              -73.66745146661502,
              45.526187861387804
            ],
            [
              -73.66728072203775,
              45.52585353547332
            ],
            [
              -73.66715757333593,
              45.525509094254055
            ],
            [
              -73.66708320649887,
              45.52515785488725
            ],
            [
              -73.66705833771988,
              45.5248032
            ],
            [
              -73.66708320649887,
              45.524448545112755
            ],
            [
              -73.66715757333593,
              45.52409730574595
            ],
            [
              -73.66728072203775,
              45.523752864526685
            ],
            [
              -73.66745146661502,
              45.5234185386122
            ],
            [
              -73.6676681627041,
              45.52309754774382
            ],
            [
              -73.66792872340324,
              45.522792983239064
            ],
            [
              -73.66823063937042,
              45.522507778220614
            ],
            [
              -73.66857100298986,
              45.522244679368704
            ],
            [
              -73.66894653637384,
              45.52200622046911
            ],
            [
              -73.66935362293059,
              45.52179469801138
            ],
            [
              -73.66978834219401,
              45.5216121490724
            ],
            [
              -73.67024650757998,
              45.52146033169828
            ],
            [
              -73.67072370670535,
              45.521340707973295
            ],
            [
              -73.6712153438817,
              45.52125442993932
            ],
            [
              -73.67171668437425,
              45.521202328500976
            ],
            [
              -73.6722229,
              45.52118490542361
            ],
            [
              -73.67272911562574,
              45.521202328500976
            ],
            [
              -73.67323045611829,
              45.52125442993932
            ],
            [
              -73.67372209329464,
              45.521340707973295
            ],
            [
              -73.67419929242001,
              45.52146033169828
            ],
            [
              -73.67465745780598,
              45.5216121490724
            ],
            [
              -73.6750921770694,
              45.52179469801138
            ],
            [
              -73.67549926362615,
              45.52200622046911
            ],
            [
              -73.67587479701012,
              45.522244679368704
            ],
            [
              -73.67621516062957,
              45.522507778220614
            ],
            [
              -73.67651707659675,
              45.522792983239064
            ],
            [
              -73.67677763729588,
              45.52309754774382
            ],
            [
              -73.67699433338497,
              45.5234185386122
            ],
            [
              -73.67716507796224,
              45.523752864526685
            ],
            [
              -73.67728822666406,
              45.52409730574595
            ],
            [
              -73.67736259350112,
              45.524448545112755
            ],
            [
              -73.67738746228011,
              45.5248032
            ],
            [
              -73.67736259350112,
              45.52515785488725
            ],
            [
              -73.67728822666406,
              45.525509094254055
            ],
            [
              -73.67716507796224,
              45.52585353547332
            ],
            [
              -73.67699433338497,
              45.526187861387804
            ],
            [
              -73.67677763729588,
              45.526508852256185
            ],
            [
              -73.67651707659675,
              45.52681341676094
            ],
            [
              -73.67621516062957,
              45.52709862177939
            ],
            [
              -73.67587479701012,
              45.5273617206313
            ],
            [
              -73.67549926362615,
              45.52760017953089
            ],
            [
              -73.6750921770694,
              45.527811701988625
            ],
            [
              -73.67465745780598,
              45.5279942509276
            ],
            [
              -73.67419929242001,
              45.52814606830172
            ],
            [
              -73.67372209329464,
              45.52826569202671
            ],
            [
              -73.67323045611829,
              45.52835197006068
            ],
            [
              -73.67272911562574,
              45.528404071499025
            ],
            [
              -73.6722229,
              45.52842149457639
            ]
          ]
        ]
      },
      "properties": {
        "name": "Montpellier",
        "system": "REM",
        "zone": "A",
        "featureType": "hidingZone",
        "radiusMiles": 0.25,
        "lines": [
          "REM"
        ]
      }
    },
    {
      "type": "Feature",
      "geometry": {
        "type": "Point",
        "coordinates": [
          -73.689377,
          45.5299903
        ]
      },
      "properties": {
        "name": "Du Ruisseau",
        "system": "REM",
        "zone": "A",
        "featureType": "station",
        "lines": [
          "REM"
        ]
      }
    },
    {
      "type": "Feature",
      "geometry": {
        "type": "Polygon",
        "coordinates": [
          [
            [
              -73.689377,
              45.53360859457639
            ],
            [
              -73.68887073769184,
              45.533591171499026
            ],
            [
              -73.68836935096647,
              45.533539070060684
            ],
            [
              -73.68787766845212,
              45.53345279202671
            ],
            [
              -73.68740042532019,
              45.53333316830172
            ],
            [
              -73.68694221768294,
              45.5331813509276
            ],
            [
              -73.6865074583304,
              45.532998801988626
            ],
            [
              -73.68610033423278,
              45.53278727953089
            ],
            [
              -73.6857247662177,
              45.5325488206313
            ],
            [
              -73.68538437121046,
              45.53228572177939
            ],
            [
              -73.68508242740107,
              45.53200051676094
            ],
            [
              -73.68482184267344,
              45.531695952256186
            ],
            [
              -73.68460512660099,
              45.531374961387804
            ],
            [
              -73.68443436627793,
              45.53104063547332
            ],
            [
              -73.68431120621952,
              45.530696194254055
            ],
            [
              -73.68423683252448,
              45.53034495488725
            ],
            [
              -73.68421196145212,
              45.5299903
            ],
            [
              -73.68423683252448,
              45.529635645112755
            ],
            [
              -73.68431120621952,
              45.52928440574595
            ],
            [
              -73.68443436627793,
              45.528939964526685
            ],
            [
              -73.68460512660099,
              45.5286056386122
            ],
            [
              -73.68482184267344,
              45.52828464774382
            ],
            [
              -73.68508242740107,
              45.527980083239065
            ],
            [
              -73.68538437121046,
              45.527694878220615
            ],
            [
              -73.6857247662177,
              45.527431779368705
            ],
            [
              -73.68610033423278,
              45.52719332046911
            ],
            [
              -73.6865074583304,
              45.52698179801138
            ],
            [
              -73.68694221768294,
              45.526799249072404
            ],
            [
              -73.68740042532019,
              45.52664743169828
            ],
            [
              -73.68787766845212,
              45.526527807973295
            ],
            [
              -73.68836935096647,
              45.52644152993932
            ],
            [
              -73.68887073769184,
              45.52638942850098
            ],
            [
              -73.689377,
              45.52637200542361
            ],
            [
              -73.68988326230814,
              45.52638942850098
            ],
            [
              -73.69038464903352,
              45.52644152993932
            ],
            [
              -73.69087633154787,
              45.526527807973295
            ],
            [
              -73.6913535746798,
              45.52664743169828
            ],
            [
              -73.69181178231705,
              45.526799249072404
            ],
            [
              -73.69224654166959,
              45.52698179801138
            ],
            [
              -73.69265366576721,
              45.52719332046911
            ],
            [
              -73.69302923378228,
              45.527431779368705
            ],
            [
              -73.69336962878953,
              45.527694878220615
            ],
            [
              -73.69367157259892,
              45.527980083239065
            ],
            [
              -73.69393215732654,
              45.52828464774382
            ],
            [
              -73.694148873399,
              45.5286056386122
            ],
            [
              -73.69431963372206,
              45.528939964526685
            ],
            [
              -73.69444279378047,
              45.52928440574595
            ],
            [
              -73.69451716747551,
              45.529635645112755
            ],
            [
              -73.69454203854787,
              45.5299903
            ],
            [
              -73.69451716747551,
              45.53034495488725
            ],
            [
              -73.69444279378047,
              45.530696194254055
            ],
            [
              -73.69431963372206,
              45.53104063547332
            ],
            [
              -73.694148873399,
              45.531374961387804
            ],
            [
              -73.69393215732654,
              45.531695952256186
            ],
            [
              -73.69367157259892,
              45.53200051676094
            ],
            [
              -73.69336962878953,
              45.53228572177939
            ],
            [
              -73.69302923378228,
              45.5325488206313
            ],
            [
              -73.69265366576721,
              45.53278727953089
            ],
            [
              -73.69224654166959,
              45.532998801988626
            ],
            [
              -73.69181178231705,
              45.5331813509276
            ],
            [
              -73.6913535746798,
              45.53333316830172
            ],
            [
              -73.69087633154787,
              45.53345279202671
            ],
            [
              -73.69038464903352,
              45.533539070060684
            ],
            [
              -73.68988326230814,
              45.533591171499026
            ],
            [
              -73.689377,
              45.53360859457639
            ]
          ]
        ]
      },
      "properties": {
        "name": "Du Ruisseau",
        "system": "REM",
        "zone": "A",
        "featureType": "hidingZone",
        "radiusMiles": 0.25,
        "lines": [
          "REM"
        ]
      }
    },
    {
      "type": "Feature",
      "geometry": {
        "type": "Point",
        "coordinates": [
          -73.7125027,
          45.5220256
        ]
      },
      "properties": {
        "name": "Bois-Franc",
        "system": "REM",
        "zone": "A",
        "featureType": "station",
        "lines": [
          "REM"
        ]
      }
    },
    {
      "type": "Feature",
      "geometry": {
        "type": "Polygon",
        "coordinates": [
          [
            [
              -73.7125027,
              45.52564389457639
            ],
            [
              -73.7119965093666,
              45.525626471499024
            ],
            [
              -73.71149519362572,
              45.52557437006068
            ],
            [
              -73.71100358072198,
              45.525488092026706
            ],
            [
              -73.71052640515639,
              45.52536846830172
            ],
            [
              -73.7100682623905,
              45.5252166509276
            ],
            [
              -73.70963356458957,
              45.52503410198862
            ],
            [
              -73.70922649813109,
              45.52482257953089
            ],
            [
              -73.70885098328755,
              45.524584120631296
            ],
            [
              -73.70851063647218,
              45.524321021779386
            ],
            [
              -73.70820873541088,
              45.524035816760936
            ],
            [
              -73.7079481875759,
              45.523731252256184
            ],
            [
              -73.7077315021853,
              45.5234102613878
            ],
            [
              -73.70756076603786,
              45.523075935473315
            ],
            [
              -73.707437623416,
              45.52273149425405
            ],
            [
              -73.70736326025052,
              45.522380254887246
            ],
            [
              -73.70733839269931,
              45.5220256
            ],
            [
              -73.70736326025052,
              45.52167094511275
            ],
            [
              -73.707437623416,
              45.521319705745945
            ],
            [
              -73.70756076603786,
              45.52097526452668
            ],
            [
              -73.7077315021853,
              45.520640938612196
            ],
            [
              -73.7079481875759,
              45.520319947743815
            ],
            [
              -73.70820873541088,
              45.52001538323906
            ],
            [
              -73.70851063647218,
              45.51973017822061
            ],
            [
              -73.70885098328755,
              45.5194670793687
            ],
            [
              -73.70922649813109,
              45.51922862046911
            ],
            [
              -73.70963356458957,
              45.519017098011375
            ],
            [
              -73.7100682623905,
              45.5188345490724
            ],
            [
              -73.71052640515639,
              45.51868273169828
            ],
            [
              -73.71100358072198,
              45.51856310797329
            ],
            [
              -73.71149519362572,
              45.51847682993932
            ],
            [
              -73.7119965093666,
              45.518424728500975
            ],
            [
              -73.7125027,
              45.51840730542361
            ],
            [
              -73.7130088906334,
              45.518424728500975
            ],
            [
              -73.71351020637428,
              45.51847682993932
            ],
            [
              -73.71400181927802,
              45.51856310797329
            ],
            [
              -73.71447899484362,
              45.51868273169828
            ],
            [
              -73.71493713760951,
              45.5188345490724
            ],
            [
              -73.71537183541044,
              45.519017098011375
            ],
            [
              -73.71577890186892,
              45.51922862046911
            ],
            [
              -73.71615441671246,
              45.5194670793687
            ],
            [
              -73.71649476352782,
              45.51973017822061
            ],
            [
              -73.71679666458913,
              45.52001538323906
            ],
            [
              -73.71705721242411,
              45.520319947743815
            ],
            [
              -73.7172738978147,
              45.520640938612196
            ],
            [
              -73.71744463396215,
              45.52097526452668
            ],
            [
              -73.717567776584,
              45.521319705745945
            ],
            [
              -73.71764213974949,
              45.52167094511275
            ],
            [
              -73.71766700730069,
              45.5220256
            ],
            [
              -73.71764213974949,
              45.522380254887246
            ],
            [
              -73.717567776584,
              45.52273149425405
            ],
            [
              -73.71744463396215,
              45.523075935473315
            ],
            [
              -73.7172738978147,
              45.5234102613878
            ],
            [
              -73.71705721242411,
              45.523731252256184
            ],
            [
              -73.71679666458913,
              45.524035816760936
            ],
            [
              -73.71649476352782,
              45.524321021779386
            ],
            [
              -73.71615441671246,
              45.524584120631296
            ],
            [
              -73.71577890186892,
              45.52482257953089
            ],
            [
              -73.71537183541044,
              45.52503410198862
            ],
            [
              -73.71493713760951,
              45.5252166509276
            ],
            [
              -73.71447899484362,
              45.52536846830172
            ],
            [
              -73.71400181927802,
              45.525488092026706
            ],
            [
              -73.71351020637428,
              45.52557437006068
            ],
            [
              -73.7130088906334,
              45.525626471499024
            ],
            [
              -73.7125027,
              45.52564389457639
            ]
          ]
        ]
      },
      "properties": {
        "name": "Bois-Franc",
        "system": "REM",
        "zone": "A",
        "featureType": "hidingZone",
        "radiusMiles": 0.25,
        "lines": [
          "REM"
        ]
      }
    },
    {
      "type": "Feature",
      "geometry": {
        "type": "Point",
        "coordinates": [
          -73.8116322,
          45.5102045
        ]
      },
      "properties": {
        "name": "Pierrefonds-Roxboro",
        "system": "REM",
        "zone": "A",
        "featureType": "station",
        "lines": [
          "REM"
        ]
      }
    },
    {
      "type": "Feature",
      "geometry": {
        "type": "Polygon",
        "coordinates": [
          [
            [
              -73.8116322,
              45.51382279457639
            ],
            [
              -73.81112611568989,
              45.513805371499025
            ],
            [
              -73.81062490524832,
              45.51375327006068
            ],
            [
              -73.81013339560586,
              45.51366699202671
            ],
            [
              -73.80965632026904,
              45.51354736830172
            ],
            [
              -73.80919827373417,
              45.5133955509276
            ],
            [
              -73.80876366723975,
              45.513213001988625
            ],
            [
              -73.8083566862839,
              45.51300147953089
            ],
            [
              -73.80798125031573,
              45.5127630206313
            ],
            [
              -73.80764097498883,
              45.51249992177939
            ],
            [
              -73.8073391373406,
              45.51221471676094
            ],
            [
              -73.80707864423262,
              45.511910152256185
            ],
            [
              -73.8068620043559,
              45.5115891613878
            ],
            [
              -73.8066913040709,
              45.511254835473316
            ],
            [
              -73.80656818731465,
              45.510910394254054
            ],
            [
              -73.80649383976883,
              45.51055915488725
            ],
            [
              -73.80646897744096,
              45.5102045
            ],
            [
              -73.80649383976883,
              45.509849845112754
            ],
            [
              -73.80656818731465,
              45.50949860574595
            ],
            [
              -73.8066913040709,
              45.509154164526684
            ],
            [
              -73.8068620043559,
              45.5088198386122
            ],
            [
              -73.80707864423262,
              45.508498847743816
            ],
            [
              -73.8073391373406,
              45.508194283239064
            ],
            [
              -73.80764097498883,
              45.507909078220614
            ],
            [
              -73.80798125031573,
              45.507645979368704
            ],
            [
              -73.8083566862839,
              45.50740752046911
            ],
            [
              -73.80876366723975,
              45.507195998011376
            ],
            [
              -73.80919827373417,
              45.5070134490724
            ],
            [
              -73.80965632026904,
              45.50686163169828
            ],
            [
              -73.81013339560586,
              45.506742007973294
            ],
            [
              -73.81062490524832,
              45.50665572993932
            ],
            [
              -73.81112611568989,
              45.506603628500976
            ],
            [
              -73.8116322,
              45.50658620542361
            ],
            [
              -73.81213828431012,
              45.506603628500976
            ],
            [
              -73.81263949475169,
              45.50665572993932
            ],
            [
              -73.81313100439415,
              45.506742007973294
            ],
            [
              -73.81360807973097,
              45.50686163169828
            ],
            [
              -73.81406612626584,
              45.5070134490724
            ],
            [
              -73.81450073276027,
              45.507195998011376
            ],
            [
              -73.81490771371611,
              45.50740752046911
            ],
            [
              -73.81528314968428,
              45.507645979368704
            ],
            [
              -73.81562342501118,
              45.507909078220614
            ],
            [
              -73.8159252626594,
              45.508194283239064
            ],
            [
              -73.81618575576739,
              45.508498847743816
            ],
            [
              -73.8164023956441,
              45.5088198386122
            ],
            [
              -73.81657309592912,
              45.509154164526684
            ],
            [
              -73.81669621268536,
              45.50949860574595
            ],
            [
              -73.81677056023118,
              45.509849845112754
            ],
            [
              -73.81679542255905,
              45.5102045
            ],
            [
              -73.81677056023118,
              45.51055915488725
            ],
            [
              -73.81669621268536,
              45.510910394254054
            ],
            [
              -73.81657309592912,
              45.511254835473316
            ],
            [
              -73.8164023956441,
              45.5115891613878
            ],
            [
              -73.81618575576739,
              45.511910152256185
            ],
            [
              -73.8159252626594,
              45.51221471676094
            ],
            [
              -73.81562342501118,
              45.51249992177939
            ],
            [
              -73.81528314968428,
              45.5127630206313
            ],
            [
              -73.81490771371611,
              45.51300147953089
            ],
            [
              -73.81450073276027,
              45.513213001988625
            ],
            [
              -73.81406612626584,
              45.5133955509276
            ],
            [
              -73.81360807973097,
              45.51354736830172
            ],
            [
              -73.81313100439415,
              45.51366699202671
            ],
            [
              -73.81263949475169,
              45.51375327006068
            ],
            [
              -73.81213828431012,
              45.513805371499025
            ],
            [
              -73.8116322,
              45.51382279457639
            ]
          ]
        ]
      },
      "properties": {
        "name": "Pierrefonds-Roxboro",
        "system": "REM",
        "zone": "A",
        "featureType": "hidingZone",
        "radiusMiles": 0.25,
        "lines": [
          "REM"
        ]
      }
    },
    {
      "type": "Feature",
      "geometry": {
        "type": "Point",
        "coordinates": [
          -73.8529506,
          45.5199056
        ]
      },
      "properties": {
        "name": "Île-Bigras",
        "system": "REM",
        "zone": "B",
        "featureType": "station",
        "lines": [
          "REM"
        ]
      }
    },
    {
      "type": "Feature",
      "geometry": {
        "type": "Polygon",
        "coordinates": [
          [
            [
              -73.8529506,
              45.52352389457639
            ],
            [
              -73.85244442843953,
              45.523506471499026
            ],
            [
              -73.85194313158789,
              45.52345437006068
            ],
            [
              -73.8514515372078,
              45.52336809202671
            ],
            [
              -73.85097437962185,
              45.52324846830172
            ],
            [
              -73.85051625411847,
              45.5230966509276
            ],
            [
              -73.85008157269667,
              45.522914101988626
            ],
            [
              -73.84967452157618,
              45.52270257953089
            ],
            [
              -73.84929902088179,
              45.5224641206313
            ],
            [
              -73.84895868689047,
              45.52220102177939
            ],
            [
              -73.8486567972046,
              45.52191581676094
            ],
            [
              -73.84839625918687,
              45.521611252256186
            ],
            [
              -73.84817958196084,
              45.521290261387804
            ],
            [
              -73.84800885224662,
              45.52095593547332
            ],
            [
              -73.8478857142647,
              45.520611494254055
            ],
            [
              -73.84781135390116,
              45.52026025488725
            ],
            [
              -73.84778648728695,
              45.5199056
            ],
            [
              -73.84781135390116,
              45.519550945112755
            ],
            [
              -73.8478857142647,
              45.51919970574595
            ],
            [
              -73.84800885224662,
              45.518855264526685
            ],
            [
              -73.84817958196084,
              45.5185209386122
            ],
            [
              -73.84839625918687,
              45.51819994774382
            ],
            [
              -73.8486567972046,
              45.517895383239065
            ],
            [
              -73.84895868689047,
              45.517610178220615
            ],
            [
              -73.84929902088179,
              45.517347079368704
            ],
            [
              -73.84967452157618,
              45.51710862046911
            ],
            [
              -73.85008157269667,
              45.51689709801138
            ],
            [
              -73.85051625411847,
              45.516714549072404
            ],
            [
              -73.85097437962185,
              45.51656273169828
            ],
            [
              -73.8514515372078,
              45.516443107973295
            ],
            [
              -73.85194313158789,
              45.51635682993932
            ],
            [
              -73.85244442843953,
              45.51630472850098
            ],
            [
              -73.8529506,
              45.51628730542361
            ],
            [
              -73.85345677156047,
              45.51630472850098
            ],
            [
              -73.85395806841211,
              45.51635682993932
            ],
            [
              -73.8544496627922,
              45.516443107973295
            ],
            [
              -73.85492682037815,
              45.51656273169828
            ],
            [
              -73.85538494588153,
              45.516714549072404
            ],
            [
              -73.85581962730333,
              45.51689709801138
            ],
            [
              -73.85622667842382,
              45.51710862046911
            ],
            [
              -73.85660217911821,
              45.517347079368704
            ],
            [
              -73.85694251310953,
              45.517610178220615
            ],
            [
              -73.8572444027954,
              45.517895383239065
            ],
            [
              -73.85750494081313,
              45.51819994774382
            ],
            [
              -73.85772161803916,
              45.5185209386122
            ],
            [
              -73.85789234775338,
              45.518855264526685
            ],
            [
              -73.8580154857353,
              45.51919970574595
            ],
            [
              -73.85808984609884,
              45.519550945112755
            ],
            [
              -73.85811471271305,
              45.5199056
            ],
            [
              -73.85808984609884,
              45.52026025488725
            ],
            [
              -73.8580154857353,
              45.520611494254055
            ],
            [
              -73.85789234775338,
              45.52095593547332
            ],
            [
              -73.85772161803916,
              45.521290261387804
            ],
            [
              -73.85750494081313,
              45.521611252256186
            ],
            [
              -73.8572444027954,
              45.52191581676094
            ],
            [
              -73.85694251310953,
              45.52220102177939
            ],
            [
              -73.85660217911821,
              45.5224641206313
            ],
            [
              -73.85622667842382,
              45.52270257953089
            ],
            [
              -73.85581962730333,
              45.522914101988626
            ],
            [
              -73.85538494588153,
              45.5230966509276
            ],
            [
              -73.85492682037815,
              45.52324846830172
            ],
            [
              -73.8544496627922,
              45.52336809202671
            ],
            [
              -73.85395806841211,
              45.52345437006068
            ],
            [
              -73.85345677156047,
              45.523506471499026
            ],
            [
              -73.8529506,
              45.52352389457639
            ]
          ]
        ]
      },
      "properties": {
        "name": "Île-Bigras",
        "system": "REM",
        "zone": "B",
        "featureType": "hidingZone",
        "radiusMiles": 0.25,
        "lines": [
          "REM"
        ]
      }
    },
    {
      "type": "Feature",
      "geometry": {
        "type": "Point",
        "coordinates": [
          -73.8624724,
          45.5234599
        ]
      },
      "properties": {
        "name": "Sainte-Dorothée",
        "system": "REM",
        "zone": "B",
        "featureType": "station",
        "lines": [
          "REM"
        ]
      }
    },
    {
      "type": "Feature",
      "geometry": {
        "type": "Polygon",
        "coordinates": [
          [
            [
              -73.8624724,
              45.52707819457639
            ],
            [
              -73.86196619646148,
              45.52706077149902
            ],
            [
              -73.86146486793976,
              45.52700867006068
            ],
            [
              -73.86097324250255,
              45.526922392026705
            ],
            [
              -73.86049605477156,
              45.52680276830172
            ],
            [
              -73.86003790032551,
              45.526650950927596
            ],
            [
              -73.85960319144215,
              45.52646840198862
            ],
            [
              -73.85919611460567,
              45.52625687953089
            ],
            [
              -73.85882059018854,
              45.526018420631296
            ],
            [
              -73.85848023469617,
              45.525755321779386
            ],
            [
              -73.85817832593803,
              45.525470116760935
            ],
            [
              -73.85791777146048,
              45.52516555225618
            ],
            [
              -73.85770108054558,
              45.5248445613878
            ],
            [
              -73.85753034004529,
              45.524510235473315
            ],
            [
              -73.85740719428397,
              45.52416579425405
            ],
            [
              -73.85733282922261,
              45.523814554887245
            ],
            [
              -73.85730796103742,
              45.5234599
            ],
            [
              -73.85733282922261,
              45.52310524511275
            ],
            [
              -73.85740719428397,
              45.522754005745945
            ],
            [
              -73.85753034004529,
              45.52240956452668
            ],
            [
              -73.85770108054558,
              45.522075238612196
            ],
            [
              -73.85791777146048,
              45.521754247743814
            ],
            [
              -73.85817832593803,
              45.52144968323906
            ],
            [
              -73.85848023469617,
              45.52116447822061
            ],
            [
              -73.85882059018854,
              45.5209013793687
            ],
            [
              -73.85919611460567,
              45.52066292046911
            ],
            [
              -73.85960319144215,
              45.520451398011375
            ],
            [
              -73.86003790032551,
              45.5202688490724
            ],
            [
              -73.86049605477156,
              45.52011703169828
            ],
            [
              -73.86097324250255,
              45.51999740797329
            ],
            [
              -73.86146486793976,
              45.51991112993932
            ],
            [
              -73.86196619646148,
              45.519859028500974
            ],
            [
              -73.8624724,
              45.51984160542361
            ],
            [
              -73.86297860353852,
              45.519859028500974
            ],
            [
              -73.86347993206024,
              45.51991112993932
            ],
            [
              -73.86397155749745,
              45.51999740797329
            ],
            [
              -73.86444874522844,
              45.52011703169828
            ],
            [
              -73.8649068996745,
              45.5202688490724
            ],
            [
              -73.86534160855786,
              45.520451398011375
            ],
            [
              -73.86574868539434,
              45.52066292046911
            ],
            [
              -73.86612420981146,
              45.5209013793687
            ],
            [
              -73.86646456530383,
              45.52116447822061
            ],
            [
              -73.86676647406198,
              45.52144968323906
            ],
            [
              -73.86702702853952,
              45.521754247743814
            ],
            [
              -73.86724371945442,
              45.522075238612196
            ],
            [
              -73.86741445995472,
              45.52240956452668
            ],
            [
              -73.86753760571604,
              45.522754005745945
            ],
            [
              -73.86761197077739,
              45.52310524511275
            ],
            [
              -73.86763683896258,
              45.5234599
            ],
            [
              -73.86761197077739,
              45.523814554887245
            ],
            [
              -73.86753760571604,
              45.52416579425405
            ],
            [
              -73.86741445995472,
              45.524510235473315
            ],
            [
              -73.86724371945442,
              45.5248445613878
            ],
            [
              -73.86702702853952,
              45.52516555225618
            ],
            [
              -73.86676647406198,
              45.525470116760935
            ],
            [
              -73.86646456530383,
              45.525755321779386
            ],
            [
              -73.86612420981146,
              45.526018420631296
            ],
            [
              -73.86574868539434,
              45.52625687953089
            ],
            [
              -73.86534160855786,
              45.52646840198862
            ],
            [
              -73.8649068996745,
              45.526650950927596
            ],
            [
              -73.86444874522844,
              45.52680276830172
            ],
            [
              -73.86397155749745,
              45.526922392026705
            ],
            [
              -73.86347993206024,
              45.52700867006068
            ],
            [
              -73.86297860353852,
              45.52706077149902
            ],
            [
              -73.8624724,
              45.52707819457639
            ]
          ]
        ]
      },
      "properties": {
        "name": "Sainte-Dorothée",
        "system": "REM",
        "zone": "B",
        "featureType": "hidingZone",
        "radiusMiles": 0.25,
        "lines": [
          "REM"
        ]
      }
    },
    {
      "type": "Feature",
      "geometry": {
        "type": "Point",
        "coordinates": [
          -73.6120612,
          45.5103737
        ]
      },
      "properties": {
        "name": "Édouard-Montpetit",
        "system": "REM",
        "zone": "A",
        "featureType": "station",
        "lines": [
          "REM"
        ]
      }
    },
    {
      "type": "Feature",
      "geometry": {
        "type": "Polygon",
        "coordinates": [
          [
            [
              -73.6120612,
              45.51399199457639
            ],
            [
              -73.6115551141685,
              45.51397457149903
            ],
            [
              -73.6110539022202,
              45.513922470060685
            ],
            [
              -73.61056239110019,
              45.51383619202671
            ],
            [
              -73.6100853143292,
              45.513716568301724
            ],
            [
              -73.60962726641735,
              45.5135647509276
            ],
            [
              -73.60919265861642,
              45.51338220198863
            ],
            [
              -73.60878567643712,
              45.513170679530894
            ],
            [
              -73.60841023934032,
              45.5129322206313
            ],
            [
              -73.60806996299048,
              45.51266912177939
            ],
            [
              -73.6077681244349,
              45.51238391676094
            ],
            [
              -73.60750763054382,
              45.51207935225619
            ],
            [
              -73.60729099001584,
              45.511758361387805
            ],
            [
              -73.60712028921768,
              45.51142403547332
            ],
            [
              -73.60699717209133,
              45.511079594254056
            ],
            [
              -73.60692282432201,
              45.51072835488725
            ],
            [
              -73.60689796191939,
              45.5103737
            ],
            [
              -73.60692282432201,
              45.510019045112756
            ],
            [
              -73.60699717209133,
              45.50966780574595
            ],
            [
              -73.60712028921768,
              45.509323364526686
            ],
            [
              -73.60729099001584,
              45.5089890386122
            ],
            [
              -73.60750763054382,
              45.50866804774382
            ],
            [
              -73.6077681244349,
              45.508363483239066
            ],
            [
              -73.60806996299048,
              45.508078278220616
            ],
            [
              -73.60841023934032,
              45.507815179368706
            ],
            [
              -73.60878567643712,
              45.50757672046911
            ],
            [
              -73.60919265861642,
              45.50736519801138
            ],
            [
              -73.60962726641735,
              45.507182649072405
            ],
            [
              -73.6100853143292,
              45.50703083169828
            ],
            [
              -73.61056239110019,
              45.506911207973296
            ],
            [
              -73.6110539022202,
              45.50682492993932
            ],
            [
              -73.6115551141685,
              45.50677282850098
            ],
            [
              -73.6120612,
              45.50675540542361
            ],
            [
              -73.6125672858315,
              45.50677282850098
            ],
            [
              -73.61306849777979,
              45.50682492993932
            ],
            [
              -73.61356000889981,
              45.506911207973296
            ],
            [
              -73.6140370856708,
              45.50703083169828
            ],
            [
              -73.61449513358265,
              45.507182649072405
            ],
            [
              -73.61492974138358,
              45.50736519801138
            ],
            [
              -73.61533672356288,
              45.50757672046911
            ],
            [
              -73.61571216065968,
              45.507815179368706
            ],
            [
              -73.61605243700951,
              45.508078278220616
            ],
            [
              -73.6163542755651,
              45.508363483239066
            ],
            [
              -73.61661476945618,
              45.50866804774382
            ],
            [
              -73.61683140998416,
              45.5089890386122
            ],
            [
              -73.61700211078232,
              45.509323364526686
            ],
            [
              -73.61712522790867,
              45.50966780574595
            ],
            [
              -73.61719957567799,
              45.510019045112756
            ],
            [
              -73.61722443808061,
              45.5103737
            ],
            [
              -73.61719957567799,
              45.51072835488725
            ],
            [
              -73.61712522790867,
              45.511079594254056
            ],
            [
              -73.61700211078232,
              45.51142403547332
            ],
            [
              -73.61683140998416,
              45.511758361387805
            ],
            [
              -73.61661476945618,
              45.51207935225619
            ],
            [
              -73.6163542755651,
              45.51238391676094
            ],
            [
              -73.61605243700951,
              45.51266912177939
            ],
            [
              -73.61571216065968,
              45.5129322206313
            ],
            [
              -73.61533672356288,
              45.513170679530894
            ],
            [
              -73.61492974138358,
              45.51338220198863
            ],
            [
              -73.61449513358265,
              45.5135647509276
            ],
            [
              -73.6140370856708,
              45.513716568301724
            ],
            [
              -73.61356000889981,
              45.51383619202671
            ],
            [
              -73.61306849777979,
              45.513922470060685
            ],
            [
              -73.6125672858315,
              45.51397457149903
            ],
            [
              -73.6120612,
              45.51399199457639
            ]
          ]
        ]
      },
      "properties": {
        "name": "Édouard-Montpetit",
        "system": "REM",
        "zone": "A",
        "featureType": "hidingZone",
        "radiusMiles": 0.25,
        "lines": [
          "REM"
        ]
      }
    }
  ]
}